,0,1,2,3,4,5,6,7,8,9,10,11,12,13,14,15,16,17,18,19,20,21,22,23
KRPPKCP0001,11578.0,4168.0,648.0,278.0,184.0,205.0,1509.0,3650.0,2945.0,2313.0,2385.0,1288.0,3478.0,3117.0,2797.0,2161.0,1157.0,1677.0,862.0,1597.0,1298.0,1070.0,442.0,2087.0
KRPPKCP0002,1895.0,8281.0,8749.0,2743.0,360.0,354.0,321.0,2083.0,2303.0,2067.0,2434.0,1310.0,2837.0,2670.0,2428.0,1985.0,1045.0,1265.0,1281.0,1354.0,937.0,1254.0,3820.0,4039.0
KRPPKCP0003,7256.0,14747.0,11079.0,2485.0,404.0,74.0,303.0,3149.0,3342.0,3030.0,2930.0,1521.0,3430.0,2952.0,2916.0,2306.0,1218.0,1241.0,1313.0,1265.0,1262.0,1640.0,1168.0,1357.0
KRPPKCP0004,8215.0,3309.0,4205.0,3046.0,435.0,130.0,298.0,2810.0,2045.0,1507.0,1822.0,942.0,2166.0,2056.0,2520.0,1861.0,829.0,674.0,1337.0,977.0,1219.0,1115.0,3250.0,7426.0
KRPPKCP0005,10163.0,11039.0,6823.0,1895.0,179.0,25.0,100.0,3044.0,3313.0,2671.0,2522.0,1353.0,3776.0,2958.0,2823.0,2423.0,1133.0,663.0,1069.0,1125.0,1742.0,1593.0,654.0,2631.0
KRPPKCP0006,999.0,791.0,1419.0,1187.0,284.0,9.0,33.0,254.0,147.0,188.0,361.0,0.0,423.0,0.0,294.0,153.0,48.0,0.0,198.0,124.0,102.0,94.0,146.0,1107.0
KRPPKCP0007,13696.0,13173.0,5418.0,985.0,125.0,58.0,77.0,3387.0,3435.0,2862.0,2731.0,1038.0,4090.0,3173.0,3775.0,2338.0,946.0,319.0,227.0,512.0,1208.0,959.0,1741.0,4097.0
KRPPKCP0008,7161.0,10962.0,8390.0,2315.0,259.0,179.0,49.0,1890.0,1816.0,2006.0,1606.0,701.0,3023.0,2360.0,2428.0,1768.0,549.0,205.0,65.0,178.0,559.0,455.0,916.0,1588.0
KRPPKCP0009,7829.0,6533.0,4786.0,5561.0,2630.0,63.0,0.0,554.0,369.0,281.0,267.0,144.0,441.0,630.0,1122.0,366.0,88.0,49.0,16.0,0.0,64.0,138.0,106.0,1284.0
KRPPKCP0010,256.0,0.0,0.0,0.0,0.0,0.0,0.0,0.0,0.0,0.0,0.0,0.0,0.0,0.0,0.0,0.0,0.0,0.0,0.0,0.0,0.0,0.0,32.0,227.0
KRPPKCP0011,4791.0,5155.0,3414.0,1155.0,27.0,0.0,0.0,0.0,0.0,0.0,0.0,0.0,8.0,51.0,0.0,23.0,90.0,26.0,0.0,58.0,0.0,631.0,768.0,1343.0
KRPPKCP0012,2135.0,8194.0,4334.0,146.0,0.0,0.0,0.0,0.0,0.0,0.0,24.0,3.0,19.0,0.0,20.0,3.0,0.0,0.0,0.0,0.0,0.0,0.0,0.0,0.0
KRPPKCP0013,6462.0,3337.0,402.0,0.0,0.0,0.0,0.0,0.0,0.0,0.0,0.0,0.0,0.0,0.0,0.0,0.0,0.0,0.0,0.0,0.0,0.0,17.0,1897.0,3011.0
KRPPKCP0014,918.0,52.0,0.0,0.0,0.0,0.0,0.0,0.0,0.0,0.0,0.0,0.0,0.0,20.0,95.0,38.0,0.0,0.0,0.0,0.0,0.0,387.0,4129.0,2573.0
KRPPKCP0019,277.0,163.0,0.0,0.0,0.0,0.0,0.0,65.0,568.0,398.0,751.0,644.0,510.0,267.0,300.0,524.0,382.0,162.0,71.0,212.0,594.0,1074.0,1982.0,454.0
KRPPKCP0020,1203.0,217.0,0.0,0.0,0.0,0.0,0.0,97.0,697.0,1249.0,916.0,942.0,844.0,1389.0,1081.0,825.0,694.0,830.0,713.0,476.0,934.0,554.0,2304.0,483.0
KRPPKCP0021,516.0,1057.0,13.0,0.0,0.0,0.0,0.0,399.0,666.0,769.0,839.0,1154.0,860.0,471.0,964.0,1119.0,604.0,516.0,614.0,709.0,977.0,719.0,348.0,1228.0
KRPPKCP0022,2565.0,854.0,123.0,0.0,0.0,0.0,0.0,490.0,739.0,1349.0,1342.0,1297.0,1137.0,1129.0,1052.0,758.0,963.0,802.0,1071.0,844.0,1445.0,672.0,0.0,764.0
KRPPKCP0023,2661.0,550.0,10.0,0.0,0.0,0.0,0.0,449.0,787.0,960.0,838.0,974.0,829.0,739.0,787.0,788.0,1014.0,502.0,688.0,863.0,941.0,731.0,78.0,825.0
KRPPKCP0024,1125.0,2284.0,61.0,0.0,0.0,0.0,0.0,418.0,869.0,1432.0,1161.0,1537.0,1140.0,1110.0,1202.0,852.0,1026.0,1225.0,831.0,1479.0,1003.0,2113.0,2074.0,1359.0
KRPPKCP0025,26.0,0.0,0.0,0.0,13.0,0.0,45.0,1347.0,971.0,1815.0,1697.0,1955.0,1414.0,1124.0,1017.0,1283.0,837.0,867.0,976.0,937.0,989.0,838.0,2291.0,843.0
KRPPKCP0026,950.0,664.0,32.0,0.0,48.0,274.0,502.0,1125.0,1034.0,836.0,682.0,943.0,649.0,1032.0,330.0,533.0,596.0,663.0,763.0,700.0,1052.0,1008.0,741.0,706.0
KRPPKCP0027,258.0,89.0,0.0,0.0,47.0,75.0,6.0,76.0,177.0,219.0,141.0,198.0,233.0,154.0,251.0,97.0,87.0,73.0,149.0,72.0,42.0,288.0,523.0,848.0
KRPPKCP0028,1124.0,967.0,75.0,0.0,111.0,165.0,305.0,1047.0,934.0,1270.0,889.0,537.0,986.0,535.0,658.0,618.0,904.0,490.0,574.0,483.0,845.0,775.0,1112.0,708.0
KRPPKCP0029,869.0,17.0,0.0,0.0,0.0,77.0,221.0,1797.0,1182.0,1935.0,1980.0,1863.0,1683.0,1589.0,1470.0,1341.0,1243.0,1435.0,1363.0,904.0,1182.0,1218.0,732.0,2432.0
KRPPKCP0030,1324.0,1310.0,170.0,40.0,137.0,196.0,298.0,304.0,478.0,602.0,423.0,547.0,503.0,381.0,522.0,301.0,183.0,229.0,247.0,381.0,434.0,489.0,665.0,458.0
KRPPKCP0031,2915.0,222.0,28.0,0.0,0.0,1.0,108.0,1650.0,1209.0,1902.0,1422.0,1358.0,1753.0,1535.0,1417.0,1170.0,1135.0,1011.0,995.0,1114.0,1288.0,925.0,610.0,1001.0
KRPPKCP0033,281.0,603.0,113.0,0.0,0.0,1120.0,1134.0,788.0,842.0,758.0,1056.0,1057.0,829.0,848.0,875.0,701.0,620.0,918.0,763.0,529.0,763.0,764.0,491.0,259.0
KRPPKCP0034,338.0,447.0,40.0,61.0,39.0,750.0,207.0,358.0,197.0,299.0,18.0,410.0,455.0,239.0,193.0,211.0,509.0,187.0,299.0,302.0,261.0,83.0,310.0,589.0
KRPPKCP0035,483.0,125.0,43.0,0.0,0.0,139.0,250.0,100.0,0.0,11.0,61.0,129.0,237.0,0.0,0.0,6.0,39.0,90.0,151.0,5.0,0.0,0.0,0.0,277.0
KRPPKCP0036,0.0,0.0,0.0,0.0,27.0,700.0,830.0,853.0,866.0,1014.0,720.0,1318.0,859.0,937.0,1439.0,1083.0,900.0,1196.0,1034.0,1008.0,1274.0,1026.0,662.0,0.0
KRPPKCP0037,1442.0,138.0,0.0,0.0,0.0,3.0,21.0,4.0,0.0,2.0,135.0,147.0,74.0,0.0,0.0,8.0,186.0,171.0,147.0,10.0,0.0,0.0,0.0,2.0
KRPPKCP0038,0.0,0.0,0.0,0.0,123.0,833.0,1181.0,947.0,1076.0,1259.0,911.0,1163.0,1293.0,1062.0,946.0,960.0,861.0,495.0,1084.0,894.0,1059.0,906.0,339.0,51.0
KRPPKCP0039,0.0,0.0,0.0,0.0,0.0,21.0,11.0,0.0,0.0,3.0,104.0,333.0,236.0,33.0,0.0,6.0,78.0,219.0,80.0,2.0,0.0,0.0,0.0,0.0
KRPPKCP0040,311.0,658.0,82.0,0.0,198.0,959.0,1658.0,783.0,676.0,666.0,1158.0,839.0,977.0,529.0,691.0,898.0,915.0,644.0,934.0,507.0,748.0,1008.0,370.0,876.0
KRPPKCP0041,3547.0,1151.0,0.0,0.0,0.0,0.0,16.0,827.0,2275.0,2908.0,3048.0,2705.0,2043.0,2190.0,2436.0,2152.0,1929.0,1931.0,1945.0,2458.0,2050.0,2069.0,2015.0,2422.0
KRPPKCP0042,1144.0,2871.0,322.0,0.0,0.0,120.0,28.0,544.0,816.0,1566.0,1711.0,1166.0,681.0,596.0,1010.0,1054.0,1041.0,463.0,538.0,1145.0,1404.0,1087.0,418.0,349.0
KRPPKCP0043,1980.0,976.0,1008.0,24.0,0.0,13.0,0.0,1472.0,1551.0,1782.0,1694.0,1817.0,1539.0,1442.0,1334.0,1382.0,1303.0,1427.0,1722.0,1472.0,1487.0,1295.0,2043.0,2244.0
KRPPKCP0044,968.0,447.0,1547.0,1483.0,1285.0,432.0,674.0,1261.0,1558.0,1692.0,1713.0,1818.0,1621.0,1672.0,1472.0,1744.0,1482.0,1435.0,1421.0,1438.0,1317.0,2007.0,1097.0,421.0
KRPPKCP0045,783.0,590.0,1944.0,1218.0,1173.0,476.0,698.0,1719.0,1490.0,1697.0,1894.0,2152.0,1800.0,1530.0,1535.0,1922.0,1583.0,1384.0,1307.0,1538.0,1783.0,1519.0,1488.0,259.0
KRPPKCP0046,598.0,276.0,1478.0,922.0,775.0,375.0,421.0,855.0,576.0,716.0,1295.0,1146.0,913.0,1019.0,1207.0,1352.0,799.0,971.0,926.0,999.0,1171.0,1000.0,1193.0,397.0
KRPPKCP0047,504.0,1664.0,1894.0,315.0,906.0,274.0,575.0,1112.0,1293.0,1182.0,1227.0,1208.0,957.0,1094.0,1101.0,679.0,1159.0,747.0,998.0,1015.0,1039.0,1157.0,828.0,294.0
KRPPKCP0048,333.0,738.0,1162.0,383.0,496.0,295.0,92.0,442.0,121.0,514.0,585.0,956.0,634.0,641.0,383.0,526.0,242.0,734.0,220.0,703.0,185.0,601.0,591.0,248.0
KRPPKCP0049,1364.0,1572.0,224.0,97.0,184.0,680.0,455.0,885.0,662.0,687.0,819.0,443.0,990.0,645.0,920.0,923.0,992.0,465.0,570.0,909.0,1254.0,990.0,748.0,372.0
KRPPKCP0050,390.0,1424.0,977.0,178.0,25.0,641.0,400.0,1063.0,884.0,1143.0,1490.0,1406.0,1081.0,853.0,610.0,1040.0,725.0,894.0,1012.0,1118.0,1113.0,859.0,930.0,146.0
KRPPKCP0051,2620.0,1061.0,44.0,7.0,51.0,219.0,505.0,756.0,429.0,207.0,254.0,201.0,198.0,421.0,587.0,667.0,672.0,957.0,499.0,739.0,897.0,727.0,670.0,544.0
KRPPKCP0052,866.0,1540.0,1844.0,825.0,1333.0,622.0,1150.0,2355.0,1455.0,1923.0,1532.0,1876.0,1714.0,1385.0,1293.0,1450.0,1755.0,1558.0,1692.0,1614.0,1818.0,1632.0,1687.0,904.0
KRPPKCP0053,628.0,1773.0,894.0,203.0,937.0,829.0,643.0,1648.0,1110.0,1603.0,2185.0,1908.0,1876.0,1584.0,1299.0,1624.0,1697.0,1714.0,1666.0,1590.0,1452.0,1464.0,1404.0,309.0
KRPPKCP0054,1437.0,2567.0,540.0,63.0,864.0,485.0,500.0,1252.0,927.0,871.0,1208.0,1524.0,1664.0,1098.0,960.0,1407.0,1221.0,903.0,954.0,769.0,877.0,909.0,1102.0,178.0
KRPPKCP0055,1719.0,91.0,0.0,0.0,0.0,161.0,345.0,1595.0,243.0,567.0,869.0,942.0,1095.0,1107.0,832.0,939.0,563.0,493.0,461.0,445.0,816.0,518.0,410.0,1439.0
KRPPKCP0056,2685.0,193.0,0.0,0.0,20.0,209.0,645.0,1312.0,838.0,939.0,1453.0,1398.0,1260.0,1257.0,1099.0,1077.0,1034.0,1012.0,560.0,849.0,1464.0,1161.0,280.0,832.0
KRPPKCP0057,1254.0,3314.0,2314.0,474.0,266.0,412.0,718.0,1739.0,1113.0,1166.0,1216.0,1408.0,1100.0,1511.0,867.0,1489.0,982.0,1247.0,1149.0,1148.0,1353.0,1378.0,390.0,201.0
KRPPKCP0058,7478.0,6388.0,1247.0,381.0,1042.0,1342.0,811.0,1941.0,1275.0,1210.0,1641.0,1370.0,1776.0,1349.0,1043.0,1422.0,1001.0,1196.0,1213.0,1322.0,1286.0,1259.0,1015.0,248.0
KRPPKCP0059,656.0,591.0,2631.0,1787.0,1680.0,1029.0,939.0,1717.0,1036.0,1498.0,1849.0,2016.0,1359.0,1353.0,1695.0,1436.0,1552.0,1213.0,1545.0,1313.0,1845.0,1666.0,1389.0,192.0
KRPPKCP0060,1852.0,3725.0,5714.0,3820.0,1220.0,1001.0,1112.0,1914.0,1472.0,1511.0,1507.0,1612.0,1273.0,1332.0,1194.0,1177.0,1275.0,1432.0,1349.0,1879.0,1798.0,1435.0,1145.0,89.0
KRPPKCP0061,317.0,1871.0,3250.0,3875.0,2283.0,890.0,1249.0,2185.0,1055.0,1552.0,1484.0,2059.0,1676.0,1665.0,1020.0,1501.0,1089.0,1348.0,1911.0,1632.0,1691.0,1607.0,1196.0,8.0
KRPPKCP0062,895.0,2162.0,3914.0,3526.0,1347.0,1314.0,1081.0,1680.0,1499.0,1761.0,1469.0,1750.0,1532.0,1389.0,1362.0,1847.0,1413.0,1623.0,1469.0,1601.0,1769.0,1597.0,1006.0,252.0
KRPPKCP0063,153.0,769.0,123.0,131.0,50.0,118.0,35.0,25.0,0.0,11.0,0.0,9.0,150.0,148.0,140.0,43.0,98.0,131.0,0.0,1.0,7.0,109.0,1083.0,581.0
KRPPKCP0064,379.0,1073.0,302.0,125.0,72.0,157.0,7.0,73.0,53.0,93.0,83.0,54.0,128.0,109.0,187.0,307.0,312.0,37.0,62.0,58.0,109.0,123.0,534.0,790.0
KRPPKCP0066,0.0,0.0,0.0,0.0,0.0,0.0,0.0,0.0,0.0,0.0,0.0,0.0,0.0,0.0,0.0,0.0,0.0,0.0,0.0,0.0,0.0,0.0,0.0,0.0
KRPPKCP0080,1626.0,235.0,43.0,0.0,0.0,12.0,923.0,1014.0,754.0,788.0,1219.0,1161.0,938.0,347.0,289.0,544.0,1454.0,1641.0,1252.0,818.0,832.0,957.0,1133.0,711.0
KRPPKCP0081,1179.0,118.0,0.0,0.0,0.0,8.0,597.0,768.0,604.0,514.0,683.0,817.0,748.0,363.0,378.0,634.0,971.0,857.0,550.0,875.0,632.0,535.0,645.0,184.0
KRPPKCP0082,1096.0,109.0,0.0,0.0,0.0,29.0,251.0,457.0,241.0,308.0,424.0,485.0,438.0,232.0,149.0,303.0,549.0,644.0,284.0,444.0,431.0,391.0,365.0,179.0
KRPPKCP0083,426.0,16.0,0.0,0.0,0.0,0.0,404.0,318.0,381.0,346.0,350.0,363.0,394.0,217.0,209.0,331.0,344.0,471.0,415.0,241.0,387.0,551.0,398.0,669.0
KRPPKCP0084,1340.0,236.0,82.0,82.0,8.0,10.0,631.0,713.0,435.0,550.0,502.0,689.0,591.0,355.0,140.0,171.0,516.0,657.0,568.0,351.0,529.0,534.0,592.0,679.0
KRPPKCP0085,1038.0,202.0,68.0,15.0,0.0,27.0,440.0,463.0,532.0,452.0,593.0,834.0,621.0,116.0,117.0,354.0,731.0,469.0,389.0,692.0,387.0,411.0,604.0,794.0
KRPPKCP0086,2806.0,1193.0,453.0,63.0,141.0,1222.0,2711.0,3265.0,2151.0,2591.0,2640.0,1482.0,2632.0,2264.0,2269.0,1479.0,1342.0,3350.0,2297.0,2410.0,1669.0,1683.0,1665.0,2408.0
KRPPKCP0087,1869.0,2115.0,1841.0,1303.0,333.0,876.0,2575.0,2877.0,2237.0,2893.0,3102.0,1855.0,3179.0,2471.0,2664.0,1464.0,1486.0,3378.0,2457.0,2864.0,2110.0,2289.0,1318.0,1013.0
KRPPKCP0088,3664.0,2785.0,403.0,79.0,0.0,128.0,1873.0,3245.0,2686.0,2511.0,3639.0,1870.0,3358.0,2926.0,2702.0,1663.0,1565.0,3410.0,2972.0,2501.0,2134.0,2128.0,1466.0,182.0
KRPPKCP0089,4001.0,3499.0,1252.0,228.0,6.0,89.0,678.0,1271.0,1003.0,1005.0,1204.0,831.0,1500.0,1024.0,1029.0,627.0,683.0,1319.0,1310.0,1234.0,914.0,1604.0,698.0,405.0
KRPPKCP0090,2746.0,3011.0,1951.0,445.0,243.0,291.0,406.0,564.0,576.0,379.0,464.0,550.0,675.0,323.0,417.0,204.0,210.0,677.0,494.0,403.0,522.0,556.0,337.0,497.0
KRPPKCP0091,1952.0,212.0,16.0,0.0,26.0,225.0,148.0,719.0,462.0,383.0,550.0,462.0,825.0,639.0,404.0,131.0,207.0,580.0,356.0,265.0,419.0,701.0,1240.0,4095.0
KRPPKCP0092,724.0,1645.0,1914.0,742.0,255.0,165.0,775.0,1169.0,528.0,862.0,973.0,545.0,1033.0,974.0,1258.0,662.0,589.0,1325.0,956.0,878.0,674.0,970.0,817.0,628.0
KRPPKCP0093,2515.0,2735.0,1300.0,85.0,0.0,298.0,1095.0,1673.0,1066.0,1302.0,1527.0,1285.0,1475.0,1400.0,1174.0,829.0,494.0,1325.0,1198.0,1198.0,890.0,1008.0,465.0,81.0
KRPPKCP0094,2624.0,683.0,63.0,82.0,233.0,55.0,291.0,934.0,780.0,921.0,966.0,719.0,1381.0,1066.0,891.0,534.0,411.0,965.0,863.0,754.0,462.0,655.0,392.0,2033.0
KRPPKCP0101,4835.0,9782.0,9130.0,2668.0,2992.0,1288.0,23.0,0.0,48.0,0.0,0.0,0.0,0.0,0.0,0.0,0.0,0.0,0.0,0.0,3.0,90.0,128.0,3.0,0.0
KRPPKCP0102,8630.0,9798.0,7592.0,841.0,465.0,269.0,133.0,74.0,0.0,0.0,0.0,0.0,0.0,0.0,0.0,0.0,0.0,0.0,0.0,0.0,0.0,10.0,166.0,310.0
KRPPKCP0103,5062.0,6042.0,4473.0,717.0,801.0,526.0,76.0,0.0,4.0,4.0,0.0,0.0,0.0,33.0,183.0,69.0,131.0,73.0,16.0,24.0,16.0,0.0,44.0,295.0
KRPPKCP0104,3441.0,111.0,0.0,0.0,90.0,425.0,1226.0,1924.0,2243.0,2574.0,1788.0,1895.0,1925.0,1684.0,1736.0,1940.0,1612.0,1562.0,1506.0,1529.0,1452.0,1668.0,872.0,614.0
KRPPKCP0105,2618.0,851.0,36.0,0.0,82.0,427.0,1208.0,1846.0,2119.0,2492.0,1568.0,1621.0,1759.0,1198.0,1380.0,1586.0,1366.0,1080.0,1245.0,1306.0,1018.0,1291.0,580.0,710.0
KRPPKCP0106,2628.0,986.0,7.0,0.0,40.0,155.0,1130.0,1713.0,1889.0,1983.0,1793.0,1801.0,1552.0,1326.0,1573.0,1344.0,1715.0,1103.0,1486.0,1608.0,1457.0,1638.0,326.0,324.0
KRPPKCP0107,0.0,0.0,0.0,0.0,0.0,0.0,0.0,0.0,467.0,322.0,13.0,78.0,26.0,20.0,88.0,48.0,18.0,7.0,6.0,0.0,0.0,0.0,0.0,0.0
KRPPKCP0108,1096.0,395.0,293.0,189.0,149.0,24.0,228.0,71.0,194.0,210.0,154.0,724.0,363.0,471.0,339.0,389.0,136.0,93.0,110.0,58.0,488.0,2049.0,3686.0,1771.0
KRPPKCP0109,1065.0,494.0,141.0,0.0,7.0,226.0,765.0,926.0,1233.0,551.0,1178.0,1339.0,1633.0,1415.0,995.0,852.0,742.0,836.0,1031.0,1168.0,996.0,1699.0,3528.0,2935.0
KRPPKCP0110,1913.0,508.0,178.0,183.0,180.0,174.0,498.0,1070.0,989.0,1396.0,1460.0,1043.0,1964.0,1646.0,1649.0,1059.0,799.0,1463.0,615.0,1163.0,953.0,1172.0,2002.0,1823.0
KRPPKCP0111,3333.0,1094.0,465.0,171.0,33.0,25.0,113.0,639.0,867.0,813.0,1059.0,1517.0,1567.0,1492.0,1201.0,1619.0,1159.0,986.0,895.0,693.0,587.0,927.0,1176.0,1738.0
KRPPKCP0112,3888.0,1869.0,580.0,44.0,62.0,107.0,55.0,993.0,1060.0,1221.0,1703.0,1900.0,2199.0,2114.0,1921.0,1736.0,1385.0,1152.0,1215.0,806.0,1082.0,1013.0,178.0,1244.0
KRPPKCP0113,3191.0,1857.0,1201.0,267.0,55.0,46.0,258.0,698.0,827.0,1255.0,916.0,1273.0,1655.0,1285.0,1392.0,1147.0,948.0,972.0,662.0,748.0,790.0,885.0,410.0,994.0
KRPPKCP0114,2874.0,2735.0,1455.0,411.0,271.0,51.0,63.0,1109.0,1027.0,698.0,922.0,1824.0,1287.0,1895.0,929.0,1377.0,1123.0,1305.0,1208.0,505.0,845.0,852.0,271.0,477.0
KRPPKCP0115,2311.0,2428.0,896.0,303.0,77.0,82.0,51.0,1124.0,672.0,1197.0,1307.0,1706.0,1738.0,1558.0,1448.0,1041.0,1134.0,812.0,710.0,731.0,955.0,599.0,261.0,643.0
KRPPKCP0122,2574.0,1218.0,175.0,48.0,9.0,7.0,347.0,610.0,1372.0,1354.0,1132.0,1256.0,1573.0,1429.0,1572.0,1370.0,1678.0,1419.0,1352.0,960.0,1351.0,977.0,80.0,1164.0
KRPPKCP0123,1397.0,1676.0,88.0,0.0,0.0,4.0,328.0,1127.0,1518.0,1547.0,1691.0,1393.0,1812.0,1899.0,1812.0,1796.0,1540.0,1515.0,1589.0,1484.0,1514.0,1485.0,61.0,1022.0
KRPPKCP0124,389.0,681.0,58.0,0.0,0.0,0.0,125.0,259.0,504.0,517.0,555.0,611.0,760.0,510.0,483.0,542.0,576.0,483.0,471.0,502.0,411.0,620.0,44.0,81.0
KRPPKCP0125,3292.0,497.0,124.0,0.0,0.0,40.0,684.0,1152.0,1571.0,1603.0,2045.0,1959.0,1592.0,1724.0,1773.0,1611.0,1514.0,1537.0,1526.0,1628.0,1580.0,1553.0,197.0,223.0
KRPPKCP0126,2022.0,120.0,0.0,0.0,62.0,15.0,656.0,1163.0,1297.0,1546.0,1542.0,1627.0,1752.0,1633.0,1706.0,1709.0,1368.0,1398.0,1575.0,1463.0,1519.0,1442.0,104.0,947.0
KRPPKCP0127,739.0,5.0,0.0,0.0,0.0,355.0,547.0,1059.0,1344.0,1612.0,1553.0,1742.0,2045.0,1784.0,1786.0,1791.0,1762.0,1559.0,1571.0,1406.0,1398.0,1742.0,111.0,2326.0
KRPPKCP0128,164.0,0.0,0.0,0.0,3.0,522.0,409.0,208.0,567.0,527.0,626.0,577.0,432.0,287.0,732.0,1037.0,1372.0,910.0,1221.0,1265.0,1077.0,860.0,366.0,1532.0
KRPPKCP0129,28.0,0.0,0.0,11.0,36.0,117.0,0.0,51.0,9.0,1.0,99.0,0.0,0.0,0.0,0.0,261.0,216.0,202.0,193.0,247.0,137.0,233.0,953.0,1024.0
KRPPKCP0130,8.0,0.0,0.0,0.0,0.0,0.0,0.0,0.0,0.0,0.0,0.0,0.0,0.0,0.0,0.0,0.0,0.0,11.0,3.0,0.0,0.0,0.0,1875.0,647.0
KRPPKCP0131,0.0,0.0,0.0,1.0,6.0,0.0,0.0,0.0,0.0,0.0,0.0,0.0,0.0,0.0,0.0,0.0,0.0,0.0,0.0,0.0,0.0,8.0,2633.0,204.0
KRPPKCP0132,1497.0,103.0,0.0,0.0,4.0,7.0,29.0,0.0,0.0,0.0,0.0,0.0,0.0,0.0,0.0,0.0,0.0,0.0,0.0,0.0,0.0,47.0,489.0,783.0
KRPPKCP0133,1154.0,1033.0,278.0,0.0,0.0,0.0,67.0,14.0,139.0,88.0,124.0,189.0,92.0,4.0,0.0,39.0,76.0,175.0,15.0,47.0,80.0,2.0,70.0,443.0
KRPPKCP0134,943.0,1450.0,323.0,1.0,91.0,43.0,214.0,132.0,285.0,327.0,587.0,410.0,700.0,626.0,549.0,841.0,979.0,777.0,664.0,478.0,391.0,547.0,602.0,412.0
KRPPKCP0135,98.0,682.0,496.0,30.0,0.0,4.0,54.0,26.0,538.0,303.0,372.0,482.0,452.0,394.0,455.0,607.0,715.0,692.0,396.0,382.0,285.0,833.0,550.0,361.0
KRPPKCP0136,1258.0,2090.0,488.0,8.0,9.0,272.0,300.0,59.0,45.0,296.0,285.0,85.0,244.0,244.0,113.0,125.0,340.0,325.0,199.0,23.0,14.0,453.0,55.0,62.0
KRPPKCP0137,2367.0,864.0,189.0,0.0,8.0,122.0,19.0,22.0,225.0,166.0,70.0,166.0,80.0,88.0,153.0,92.0,86.0,319.0,163.0,137.0,66.0,202.0,325.0,545.0
KRPPKCP0139,216.0,21.0,0.0,15.0,67.0,55.0,24.0,0.0,214.0,55.0,252.0,81.0,53.0,159.0,110.0,47.0,27.0,8.0,35.0,76.0,69.0,38.0,1701.0,671.0
KRPPKCP0148,3978.0,823.0,233.0,0.0,0.0,0.0,9.0,27.0,9.0,56.0,167.0,171.0,216.0,1.0,52.0,0.0,60.0,46.0,15.0,0.0,39.0,49.0,138.0,2749.0
KRPPKCP0149,5002.0,1716.0,491.0,127.0,20.0,54.0,78.0,343.0,148.0,63.0,238.0,587.0,268.0,272.0,41.0,147.0,266.0,767.0,382.0,81.0,160.0,194.0,305.0,1650.0
KRPPKCP0150,4949.0,2401.0,237.0,0.0,0.0,19.0,349.0,812.0,352.0,309.0,877.0,1186.0,602.0,327.0,342.0,405.0,710.0,949.0,509.0,282.0,325.0,492.0,624.0,724.0
KRPPKCP0151,5262.0,2792.0,524.0,6.0,0.0,0.0,424.0,947.0,603.0,797.0,1070.0,1301.0,1041.0,696.0,586.0,743.0,1009.0,1025.0,680.0,437.0,568.0,610.0,571.0,505.0
KRPPKCP0152,1805.0,2684.0,945.0,52.0,0.0,0.0,756.0,1676.0,952.0,1216.0,1801.0,2226.0,1603.0,1191.0,1346.0,1564.0,1236.0,1910.0,1038.0,1049.0,1442.0,1113.0,1007.0,292.0
KRPPKCP0153,1116.0,2770.0,1279.0,124.0,3.0,38.0,763.0,1584.0,1057.0,1207.0,1880.0,2250.0,1347.0,1339.0,1363.0,1243.0,1489.0,1280.0,1156.0,1094.0,1471.0,1443.0,1232.0,800.0
KRPPKCP0154,655.0,2367.0,2031.0,549.0,15.0,35.0,758.0,1119.0,922.0,1571.0,1382.0,1681.0,1248.0,907.0,1290.0,1198.0,1367.0,1566.0,1343.0,1136.0,1509.0,1427.0,1428.0,921.0
KRPPKCP0155,663.0,2147.0,2302.0,672.0,68.0,116.0,794.0,1290.0,901.0,1206.0,1323.0,2085.0,1216.0,1292.0,1279.0,1521.0,1022.0,1529.0,1192.0,1143.0,1705.0,1275.0,1698.0,1637.0
KRPPKCP0156,4358.0,1851.0,212.0,0.0,0.0,0.0,17.0,310.0,1139.0,1702.0,1685.0,2044.0,1792.0,1322.0,1899.0,1269.0,1196.0,1534.0,1679.0,1164.0,869.0,492.0,971.0,1978.0
KRPPKCP0157,3181.0,3292.0,296.0,0.0,0.0,0.0,0.0,74.0,901.0,1429.0,1614.0,2169.0,1659.0,1744.0,2000.0,1572.0,1197.0,1267.0,1362.0,987.0,537.0,666.0,546.0,208.0
KRPPKCP0158,2207.0,4167.0,1551.0,244.0,8.0,11.0,15.0,115.0,814.0,1495.0,1342.0,2045.0,1678.0,1641.0,1632.0,1508.0,1181.0,1253.0,1658.0,875.0,540.0,835.0,351.0,205.0
KRPPKCP0159,3591.0,2181.0,563.0,0.0,0.0,35.0,116.0,196.0,729.0,1524.0,1771.0,1850.0,1733.0,1378.0,1037.0,1271.0,1030.0,820.0,1004.0,552.0,658.0,662.0,321.0,868.0
KRPPKCP0160,2360.0,411.0,133.0,0.0,0.0,25.0,0.0,65.0,90.0,416.0,119.0,322.0,473.0,143.0,215.0,36.0,83.0,151.0,188.0,0.0,7.0,236.0,307.0,2113.0
KRPPKCP0161,710.0,452.0,401.0,54.0,43.0,30.0,0.0,0.0,7.0,126.0,70.0,265.0,91.0,74.0,0.0,55.0,66.0,96.0,27.0,216.0,162.0,10.0,619.0,1605.0
KRPPKCP0162,660.0,4202.0,2980.0,635.0,0.0,17.0,2.0,0.0,0.0,0.0,0.0,0.0,0.0,0.0,0.0,0.0,0.0,0.0,0.0,0.0,0.0,0.0,81.0,334.0
KRPPKCP0163,487.0,459.0,101.0,0.0,0.0,0.0,7.0,7645.0,84.0,289.0,10244.0,11465.0,15476.0,9505.0,10972.0,14773.0,4424.0,11803.0,302.0,893.0,1457.0,10542.0,13850.0,3869.0
KRPPKCP0164,1574.0,0.0,0.0,0.0,0.0,14.0,174.0,2484.0,1016.0,3294.0,2738.0,2938.0,2544.0,2403.0,2004.0,2214.0,1823.0,1676.0,1882.0,2755.0,3356.0,2318.0,2274.0,2098.0
KRPPKCP0165,13763.0,8325.0,215.0,177.0,24.0,0.0,137.0,213.0,62.0,10778.0,12258.0,1989.0,1912.0,902.0,517.0,505.0,226.0,524.0,0.0,103.0,479.0,896.0,1006.0,8439.0
KRPPKCP0167,6154.0,4538.0,2083.0,38.0,89.0,187.0,221.0,3694.0,3349.0,4496.0,4270.0,4659.0,5479.0,3904.0,3206.0,5211.0,3644.0,3745.0,4956.0,3888.0,3246.0,5253.0,5298.0,3934.0
KRPPKCP0168,1622.0,658.0,272.0,23.0,0.0,32.0,60.0,3382.0,4596.0,7289.0,2799.0,6688.0,6386.0,2218.0,3754.0,4664.0,4863.0,2459.0,6569.0,1579.0,4601.0,5143.0,5696.0,962.0
KRPPKCP0169,0.0,0.0,0.0,0.0,0.0,0.0,210.0,2749.0,3100.0,4023.0,2570.0,3186.0,2729.0,1858.0,1992.0,3100.0,2613.0,2766.0,3952.0,784.0,1934.0,2514.0,2637.0,123.0
KRPPKCP0170,2567.0,72.0,0.0,0.0,0.0,23.0,147.0,465.0,663.0,427.0,501.0,262.0,616.0,506.0,403.0,481.0,293.0,462.0,520.0,332.0,436.0,569.0,169.0,759.0
KRPPKCP0171,2082.0,114.0,0.0,0.0,68.0,0.0,271.0,742.0,679.0,1043.0,711.0,911.0,993.0,414.0,684.0,501.0,612.0,543.0,525.0,566.0,900.0,1047.0,228.0,1498.0
KRPPKCP0172,725.0,48.0,0.0,0.0,0.0,0.0,84.0,940.0,1259.0,1149.0,1055.0,1156.0,985.0,932.0,1196.0,809.0,1184.0,1043.0,622.0,929.0,961.0,874.0,642.0,1640.0
KRPPKCP0173,355.0,0.0,0.0,0.0,37.0,16.0,387.0,784.0,1349.0,965.0,1094.0,1223.0,924.0,1557.0,1219.0,842.0,855.0,705.0,976.0,856.0,779.0,959.0,2374.0,555.0
KRPPKCP0179,0.0,0.0,0.0,0.0,0.0,0.0,0.0,0.0,0.0,0.0,0.0,0.0,0.0,0.0,0.0,0.0,0.0,0.0,0.0,0.0,0.0,0.0,0.0,0.0
KRPPKCP0180,0.0,0.0,0.0,0.0,0.0,0.0,0.0,0.0,0.0,0.0,0.0,0.0,0.0,0.0,0.0,0.0,0.0,0.0,0.0,0.0,0.0,0.0,0.0,0.0
KRPPKCP0195,2101.0,1728.0,925.0,372.0,66.0,33.0,866.0,739.0,637.0,235.0,643.0,520.0,737.0,812.0,627.0,506.0,462.0,438.0,308.0,266.0,370.0,494.0,323.0,345.0
KRPPKCP0196,2593.0,1384.0,124.0,0.0,0.0,4.0,1155.0,1594.0,1013.0,975.0,1044.0,1312.0,1114.0,844.0,1000.0,880.0,827.0,712.0,256.0,181.0,146.0,447.0,560.0,1195.0
KRPPKCP0197,2360.0,1605.0,868.0,285.0,95.0,4.0,507.0,694.0,324.0,288.0,404.0,382.0,832.0,329.0,453.0,362.0,420.0,474.0,187.0,196.0,276.0,565.0,536.0,512.0
KRPPKCP0198,2099.0,888.0,93.0,0.0,10.0,3.0,1277.0,1246.0,1441.0,1402.0,1603.0,1503.0,1116.0,1186.0,1205.0,1396.0,1111.0,1035.0,483.0,140.0,206.0,382.0,1516.0,2108.0
KRPPKCP0206,0.0,0.0,0.0,0.0,0.0,44.0,243.0,876.0,1754.0,1120.0,1486.0,474.0,2229.0,2211.0,793.0,898.0,1542.0,1734.0,926.0,989.0,1178.0,242.0,0.0,0.0
KRPPKCP0207,0.0,0.0,0.0,0.0,0.0,0.0,20.0,621.0,948.0,1392.0,1673.0,557.0,1905.0,1399.0,1047.0,816.0,1931.0,1774.0,881.0,1176.0,1561.0,100.0,0.0,0.0
KRPPKCP0212,2485.0,31.0,0.0,0.0,0.0,0.0,23.0,242.0,424.0,1546.0,805.0,873.0,981.0,1899.0,1142.0,1691.0,682.0,1727.0,615.0,1063.0,1065.0,837.0,861.0,2576.0
KRPPKCP0213,1514.0,93.0,0.0,0.0,8.0,0.0,4.0,58.0,507.0,783.0,1139.0,982.0,1078.0,1377.0,1375.0,1071.0,647.0,771.0,527.0,657.0,925.0,332.0,189.0,3377.0
KRPPKCP0214,699.0,8.0,0.0,0.0,0.0,0.0,3.0,214.0,164.0,996.0,611.0,909.0,942.0,1636.0,1326.0,622.0,1624.0,768.0,295.0,677.0,794.0,279.0,310.0,3497.0
KRPPKCP0215,525.0,0.0,0.0,0.0,0.0,0.0,0.0,157.0,223.0,524.0,825.0,607.0,328.0,957.0,980.0,793.0,952.0,420.0,230.0,665.0,848.0,689.0,1036.0,2758.0
KRPPKCP0216,381.0,0.0,0.0,0.0,0.0,0.0,0.0,2.0,103.0,492.0,441.0,571.0,910.0,851.0,362.0,886.0,752.0,546.0,357.0,177.0,557.0,1125.0,1772.0,963.0
KRPPKCP0217,84.0,0.0,0.0,0.0,0.0,0.0,0.0,42.0,54.0,85.0,148.0,89.0,61.0,118.0,171.0,112.0,221.0,96.0,125.0,970.0,1876.0,2065.0,275.0,0.0
KRPPKCP0218,0.0,0.0,0.0,0.0,0.0,0.0,0.0,2.0,115.0,335.0,298.0,139.0,502.0,359.0,291.0,285.0,495.0,192.0,201.0,167.0,151.0,2027.0,2151.0,276.0
KRPPKCP0219,1197.0,14.0,0.0,0.0,0.0,0.0,7.0,483.0,520.0,465.0,688.0,984.0,671.0,879.0,842.0,1075.0,365.0,576.0,793.0,569.0,279.0,140.0,1357.0,2659.0
KRPPKCP0220,3553.0,315.0,56.0,0.0,0.0,0.0,0.0,100.0,20.0,236.0,68.0,205.0,354.0,499.0,330.0,218.0,203.0,202.0,472.0,161.0,154.0,9.0,374.0,1176.0
KRPPKCP0221,2310.0,385.0,31.0,0.0,0.0,0.0,1.0,250.0,394.0,1008.0,1096.0,1097.0,821.0,789.0,1035.0,778.0,620.0,612.0,728.0,1085.0,957.0,1932.0,1453.0,1694.0
KRPPKCP0226,0.0,0.0,0.0,0.0,0.0,0.0,0.0,0.0,0.0,0.0,0.0,0.0,0.0,0.0,0.0,0.0,0.0,0.0,0.0,0.0,0.0,0.0,0.0,0.0
KRPPKCP0230,3.0,39.0,23.0,7.0,0.0,0.0,0.0,3.0,1.0,11.0,0.0,33.0,81.0,298.0,255.0,15.0,1.0,14.0,76.0,46.0,22.0,0.0,0.0,0.0
KRPPKCP0231,169.0,451.0,529.0,117.0,0.0,0.0,0.0,65.0,24.0,0.0,0.0,0.0,20.0,34.0,39.0,0.0,50.0,12.0,0.0,0.0,5.0,115.0,0.0,138.0
KRPPKCP0233,671.0,1711.0,2737.0,720.0,4.0,0.0,6.0,137.0,31.0,33.0,72.0,128.0,198.0,56.0,44.0,469.0,109.0,91.0,390.0,170.0,34.0,638.0,441.0,794.0
KRPPKCP0234,575.0,52.0,140.0,110.0,0.0,72.0,19.0,0.0,76.0,407.0,757.0,1051.0,1102.0,429.0,339.0,1077.0,972.0,826.0,1078.0,813.0,615.0,1359.0,1752.0,2192.0
KRPPKCP0235,321.0,0.0,0.0,0.0,0.0,0.0,3.0,64.0,275.0,817.0,1045.0,1732.0,912.0,911.0,861.0,1546.0,1385.0,804.0,678.0,1005.0,990.0,1181.0,3798.0,2373.0
KRPPKCP0236,179.0,0.0,0.0,0.0,0.0,0.0,0.0,133.0,195.0,942.0,1353.0,1788.0,957.0,600.0,507.0,1232.0,770.0,793.0,447.0,641.0,619.0,1295.0,2526.0,1287.0
KRPPKCP0237,608.0,0.0,0.0,0.0,0.0,56.0,77.0,4.0,58.0,417.0,870.0,791.0,943.0,102.0,418.0,1885.0,911.0,591.0,670.0,498.0,532.0,1936.0,2090.0,1269.0
KRPPKCP0261,15239.0,1712.0,0.0,0.0,0.0,1059.0,333.0,2479.0,1606.0,664.0,2731.0,3110.0,1121.0,218.0,300.0,1032.0,1818.0,1109.0,1755.0,1301.0,856.0,3174.0,3895.0,366.0
KRPPKCP0262,6104.0,1425.0,622.0,46.0,46.0,46.0,21.0,273.0,95.0,271.0,143.0,957.0,2305.0,669.0,251.0,159.0,46.0,197.0,34.0,246.0,4.0,167.0,2917.0,7687.0
KRPPKCP0263,4955.0,2594.0,1245.0,704.0,406.0,260.0,125.0,3870.0,3109.0,2029.0,4727.0,4534.0,2910.0,1149.0,232.0,2563.0,4098.0,2474.0,2758.0,2843.0,844.0,2387.0,2315.0,5311.0
KRPPKCP0264,3424.0,1738.0,299.0,0.0,6.0,123.0,126.0,1928.0,1928.0,1306.0,2021.0,1482.0,714.0,514.0,530.0,1279.0,2079.0,1499.0,1527.0,1741.0,253.0,709.0,769.0,2109.0
KRPPKCP0265,8185.0,902.0,165.0,0.0,0.0,0.0,204.0,3420.0,3152.0,2607.0,4080.0,3501.0,1974.0,1264.0,992.0,2898.0,3642.0,3201.0,3473.0,3621.0,841.0,1196.0,1421.0,4661.0
KRPPKCP0266,1577.0,3864.0,699.0,140.0,136.0,371.0,76.0,798.0,960.0,682.0,763.0,847.0,689.0,511.0,353.0,1166.0,1175.0,1360.0,910.0,686.0,492.0,743.0,272.0,46.0
KRPPKCP0267,7084.0,699.0,29.0,0.0,49.0,1364.0,303.0,3164.0,2726.0,2456.0,3486.0,3056.0,2523.0,2427.0,1285.0,3081.0,3507.0,2786.0,3119.0,3126.0,1261.0,1680.0,2038.0,370.0
KRPPKCP0268,2313.0,3555.0,165.0,12.0,0.0,0.0,202.0,2775.0,2441.0,1742.0,2727.0,2191.0,2061.0,1914.0,1475.0,2122.0,2632.0,1992.0,2629.0,2682.0,427.0,192.0,117.0,247.0
KRPPKCP0274,0.0,0.0,0.0,0.0,0.0,0.0,0.0,0.0,0.0,0.0,0.0,0.0,0.0,0.0,0.0,0.0,0.0,0.0,0.0,0.0,0.0,0.0,0.0,0.0
KRPPKCP0275,0.0,0.0,0.0,0.0,0.0,0.0,0.0,0.0,0.0,0.0,0.0,0.0,0.0,1.0,0.0,0.0,0.0,0.0,0.0,0.0,0.0,0.0,0.0,0.0
KRPPKCP0276,25.0,0.0,0.0,0.0,0.0,0.0,226.0,607.0,298.0,421.0,347.0,853.0,226.0,656.0,153.0,128.0,456.0,263.0,704.0,648.0,238.0,163.0,182.0,308.0
KRPPKCP0277,64.0,0.0,0.0,0.0,0.0,0.0,87.0,672.0,860.0,601.0,352.0,1437.0,390.0,1291.0,705.0,420.0,857.0,620.0,401.0,1222.0,276.0,734.0,471.0,932.0
KRPPKCP0278,612.0,0.0,0.0,0.0,0.0,0.0,313.0,1613.0,1398.0,1677.0,973.0,3282.0,450.0,2248.0,1426.0,924.0,1347.0,1061.0,1579.0,2115.0,1034.0,1535.0,952.0,2175.0
KRPPKCP0279,1288.0,261.0,156.0,86.0,30.0,7.0,415.0,1153.0,754.0,493.0,566.0,1789.0,311.0,1376.0,504.0,875.0,1047.0,655.0,883.0,1343.0,492.0,1067.0,501.0,1260.0
KRPPKCP0280,1646.0,467.0,62.0,0.0,0.0,7.0,467.0,1022.0,944.0,835.0,634.0,1783.0,435.0,1528.0,839.0,532.0,999.0,817.0,1247.0,1243.0,578.0,1603.0,983.0,583.0
KRPPKCP0281,2180.0,0.0,0.0,0.0,21.0,0.0,379.0,1843.0,1922.0,2011.0,1341.0,2979.0,782.0,2392.0,995.0,1426.0,2007.0,1355.0,1751.0,2760.0,1030.0,2425.0,1411.0,472.0
KRPPKCP0282,3837.0,74.0,0.0,0.0,0.0,0.0,262.0,1477.0,1790.0,1395.0,1195.0,2953.0,1028.0,1736.0,917.0,1430.0,1925.0,1582.0,1762.0,2421.0,1026.0,2244.0,1054.0,170.0
KRPPKCP0283,3725.0,246.0,0.0,0.0,0.0,0.0,89.0,2090.0,1314.0,1179.0,1086.0,2484.0,1064.0,1668.0,864.0,771.0,1278.0,1039.0,1579.0,1803.0,951.0,2280.0,931.0,15.0
KRPPKCP0284,0.0,0.0,0.0,0.0,0.0,4.0,26.0,417.0,286.0,183.0,149.0,208.0,29.0,103.0,6.0,113.0,298.0,102.0,206.0,492.0,99.0,91.0,1.0,6.0
KRPPKCP0285,0.0,0.0,0.0,0.0,0.0,0.0,154.0,520.0,1869.0,1749.0,1404.0,1761.0,2004.0,2077.0,1945.0,1596.0,1633.0,1673.0,1663.0,1578.0,926.0,469.0,2603.0,70.0
KRPPKCP0286,7.0,28.0,0.0,0.0,0.0,0.0,329.0,1209.0,1651.0,1266.0,1445.0,1908.0,1740.0,1543.0,2196.0,1712.0,1889.0,1636.0,1543.0,1407.0,1408.0,469.0,3597.0,556.0
KRPPKCP0287,1.0,0.0,0.0,0.0,0.0,0.0,80.0,674.0,1901.0,1575.0,2057.0,1581.0,1603.0,1763.0,1894.0,1741.0,1832.0,1791.0,1756.0,1734.0,1644.0,940.0,1081.0,1560.0
KRPPKCP0288,271.0,0.0,0.0,0.0,0.0,0.0,127.0,1268.0,2072.0,1868.0,1639.0,1959.0,1996.0,1645.0,1867.0,1922.0,2072.0,1871.0,2174.0,2288.0,1972.0,2142.0,116.0,3789.0
KRPPKCP0289,1627.0,0.0,0.0,0.0,0.0,0.0,191.0,1257.0,2276.0,2257.0,2243.0,2071.0,1991.0,1770.0,1965.0,2364.0,2202.0,2355.0,2606.0,2315.0,2014.0,1685.0,39.0,2580.0
KRPPKCP0290,4.0,0.0,0.0,0.0,0.0,0.0,0.0,17.0,550.0,604.0,728.0,893.0,864.0,1134.0,1079.0,770.0,607.0,974.0,852.0,566.0,370.0,221.0,1665.0,546.0
KRPPKCP0291,625.0,0.0,0.0,0.0,0.0,0.0,0.0,131.0,470.0,439.0,818.0,711.0,457.0,668.0,643.0,579.0,280.0,414.0,546.0,460.0,414.0,579.0,181.0,1613.0
KRPPKCP0292,5022.0,23.0,0.0,0.0,0.0,0.0,0.0,0.0,0.0,0.0,102.0,91.0,0.0,34.0,68.0,5.0,33.0,162.0,3.0,150.0,185.0,839.0,15.0,583.0
KRPPKCP0294,2647.0,1539.0,9.0,0.0,0.0,0.0,0.0,17.0,27.0,0.0,0.0,45.0,0.0,20.0,12.0,0.0,0.0,45.0,6.0,105.0,220.0,1037.0,29.0,0.0
KRPPKCP0295,612.0,3283.0,203.0,0.0,0.0,0.0,0.0,0.0,0.0,82.0,0.0,0.0,0.0,0.0,0.0,0.0,0.0,4.0,5.0,113.0,235.0,949.0,93.0,0.0
KRPPKCP0296,0.0,0.0,0.0,0.0,0.0,0.0,23.0,12.0,0.0,17.0,0.0,47.0,63.0,0.0,0.0,67.0,0.0,0.0,0.0,0.0,0.0,1278.0,998.0,0.0
KRPPKCP0300,329.0,0.0,0.0,0.0,0.0,72.0,1297.0,2317.0,2417.0,2613.0,2668.0,2950.0,2896.0,2695.0,2006.0,2184.0,1875.0,2382.0,2475.0,2626.0,2573.0,2469.0,2015.0,1928.0
KRPPKCP0301,1850.0,0.0,0.0,0.0,0.0,110.0,1625.0,3302.0,3519.0,3615.0,3422.0,4290.0,4177.0,4024.0,3312.0,2788.0,2793.0,3740.0,3278.0,4640.0,3819.0,3284.0,1976.0,2789.0
KRPPKCP0302,4164.0,213.0,31.0,0.0,5.0,5.0,1355.0,3223.0,2988.0,2865.0,3404.0,3490.0,3550.0,3889.0,3726.0,2976.0,3272.0,2988.0,2632.0,3233.0,3346.0,3963.0,2429.0,2041.0
KRPPKCP0303,5018.0,550.0,58.0,0.0,0.0,68.0,807.0,2378.0,1854.0,1566.0,2318.0,2970.0,2274.0,2507.0,2852.0,1939.0,2076.0,1673.0,1807.0,2049.0,3044.0,2864.0,1636.0,2178.0
KRPPKCP0304,3019.0,1388.0,154.0,0.0,0.0,34.0,177.0,654.0,700.0,607.0,641.0,680.0,436.0,672.0,662.0,378.0,295.0,599.0,826.0,443.0,740.0,1284.0,930.0,1452.0
KRPPKCP0305,1071.0,27.0,0.0,0.0,0.0,89.0,495.0,768.0,1988.0,1858.0,1785.0,1998.0,1947.0,1652.0,1740.0,2187.0,1558.0,1509.0,1732.0,1359.0,1860.0,1738.0,695.0,98.0
KRPPKCP0306,1868.0,0.0,0.0,0.0,1.0,43.0,292.0,1000.0,1725.0,1523.0,2049.0,1584.0,1728.0,1898.0,2104.0,1333.0,1568.0,1289.0,1733.0,1128.0,1751.0,1427.0,733.0,88.0
KRPPKCP0307,347.0,0.0,0.0,0.0,0.0,231.0,969.0,979.0,1299.0,1151.0,1350.0,1052.0,1445.0,1210.0,652.0,906.0,808.0,888.0,1105.0,652.0,933.0,755.0,425.0,824.0
KRPPKCP0308,0.0,0.0,0.0,0.0,1.0,347.0,1294.0,1000.0,489.0,782.0,488.0,476.0,225.0,167.0,112.0,192.0,104.0,116.0,81.0,149.0,157.0,202.0,422.0,391.0
KRPPKCP0309,0.0,0.0,0.0,0.0,0.0,203.0,283.0,174.0,74.0,255.0,139.0,120.0,10.0,0.0,0.0,0.0,47.0,23.0,47.0,0.0,20.0,2.0,359.0,71.0
KRPPKCP0310,5142.0,2945.0,4.0,0.0,0.0,0.0,270.0,2837.0,1595.0,1645.0,2249.0,2299.0,2108.0,1813.0,1675.0,1279.0,1312.0,1271.0,1308.0,449.0,1141.0,1022.0,123.0,0.0
KRPPKCP0311,4142.0,666.0,41.0,41.0,41.0,22.0,289.0,2684.0,1682.0,1703.0,2662.0,2399.0,2041.0,1685.0,1456.0,1539.0,1551.0,1220.0,1362.0,757.0,727.0,1698.0,171.0,1618.0
KRPPKCP0312,1279.0,22.0,0.0,0.0,0.0,0.0,338.0,2226.0,1475.0,1804.0,2368.0,2240.0,2206.0,1977.0,1484.0,1090.0,1188.0,1329.0,1674.0,597.0,531.0,2506.0,523.0,2827.0
KRPPKCP0313,254.0,0.0,0.0,0.0,0.0,0.0,73.0,744.0,573.0,555.0,645.0,657.0,525.0,386.0,833.0,431.0,324.0,274.0,235.0,109.0,22.0,458.0,1996.0,1461.0
KRPPKCP0314,252.0,0.0,0.0,0.0,0.0,12.0,129.0,2878.0,1391.0,1119.0,1763.0,1944.0,1685.0,1464.0,433.0,770.0,565.0,690.0,712.0,410.0,490.0,1225.0,2683.0,3625.0
KRPPKCP0321,2708.0,162.0,0.0,0.0,0.0,145.0,1106.0,1381.0,2282.0,2643.0,2151.0,2961.0,2188.0,1870.0,2350.0,2047.0,1582.0,3078.0,2470.0,1787.0,1465.0,1813.0,3549.0,4472.0
KRPPKCP0322,3643.0,104.0,0.0,0.0,222.0,30.0,1104.0,1406.0,2155.0,2274.0,1916.0,3011.0,1910.0,1278.0,2280.0,1764.0,1334.0,2368.0,2564.0,1478.0,1387.0,1261.0,1359.0,3068.0
KRPPKCP0323,3738.0,1282.0,146.0,0.0,265.0,81.0,577.0,1202.0,1268.0,1259.0,1065.0,1494.0,1548.0,644.0,1406.0,1135.0,1085.0,1834.0,1391.0,620.0,744.0,1161.0,1022.0,1237.0
KRPPKCP0324,2176.0,792.0,158.0,0.0,32.0,109.0,386.0,735.0,869.0,882.0,316.0,1478.0,838.0,570.0,594.0,603.0,542.0,600.0,765.0,263.0,358.0,392.0,1030.0,1378.0
KRPPKCP0325,2861.0,410.0,0.0,0.0,280.0,290.0,829.0,1297.0,1506.0,2078.0,1355.0,2616.0,1772.0,1074.0,1302.0,1222.0,1805.0,1944.0,1847.0,1199.0,1267.0,1219.0,1128.0,3145.0
KRPPKCP0326,2836.0,1458.0,121.0,0.0,114.0,22.0,57.0,24.0,24.0,26.0,40.0,29.0,181.0,71.0,82.0,42.0,117.0,70.0,100.0,9.0,0.0,16.0,1.0,10.0
KRPPKCP0327,0.0,0.0,0.0,0.0,0.0,0.0,2.0,3.0,0.0,0.0,20.0,0.0,0.0,0.0,0.0,0.0,0.0,0.0,0.0,0.0,0.0,0.0,0.0,0.0
KRPPKCP0328,895.0,23.0,0.0,0.0,14.0,0.0,332.0,130.0,302.0,695.0,1025.0,1034.0,979.0,1269.0,518.0,468.0,1122.0,926.0,259.0,129.0,313.0,316.0,1217.0,2349.0
KRPPKCP0329,1506.0,55.0,0.0,0.0,0.0,13.0,584.0,228.0,531.0,720.0,1209.0,714.0,800.0,1599.0,415.0,849.0,1463.0,1392.0,1498.0,502.0,213.0,482.0,381.0,1831.0
KRPPKCP0330,1978.0,247.0,0.0,0.0,0.0,2.0,594.0,332.0,366.0,695.0,1278.0,642.0,580.0,1223.0,333.0,427.0,1378.0,1271.0,1042.0,182.0,255.0,44.0,229.0,834.0
KRPPKCP0331,2754.0,256.0,0.0,0.0,0.0,9.0,662.0,254.0,257.0,406.0,597.0,361.0,84.0,1327.0,184.0,311.0,1137.0,1532.0,653.0,75.0,337.0,290.0,36.0,193.0
KRPPKCP0332,1830.0,1063.0,477.0,51.0,0.0,0.0,0.0,0.0,0.0,0.0,0.0,0.0,0.0,0.0,0.0,0.0,0.0,0.0,0.0,0.0,0.0,0.0,4.0,1385.0
KRPPKCP0333,636.0,267.0,16.0,239.0,150.0,0.0,143.0,312.0,500.0,254.0,200.0,508.0,555.0,323.0,178.0,667.0,227.0,273.0,180.0,192.0,300.0,152.0,243.0,972.0
KRPPKCP0334,1144.0,178.0,0.0,150.0,67.0,0.0,577.0,176.0,261.0,674.0,560.0,530.0,580.0,251.0,456.0,755.0,440.0,247.0,193.0,212.0,433.0,180.0,144.0,1001.0
KRPPKCP0336,741.0,208.0,0.0,0.0,131.0,7.0,67.0,202.0,239.0,506.0,271.0,244.0,381.0,381.0,304.0,499.0,247.0,157.0,448.0,234.0,45.0,252.0,183.0,863.0
KRPPKCP0337,2107.0,405.0,0.0,0.0,0.0,108.0,157.0,296.0,772.0,716.0,800.0,970.0,816.0,704.0,458.0,1137.0,476.0,854.0,450.0,858.0,820.0,786.0,702.0,1555.0
KRPPKCP0338,680.0,421.0,0.0,0.0,0.0,38.0,203.0,41.0,30.0,57.0,86.0,12.0,16.0,501.0,0.0,151.0,0.0,91.0,78.0,150.0,134.0,67.0,58.0,703.0
KRPPKCP0339,1203.0,518.0,4.0,24.0,0.0,1.0,231.0,246.0,557.0,563.0,416.0,552.0,565.0,629.0,776.0,718.0,600.0,557.0,605.0,509.0,258.0,463.0,159.0,475.0
KRPPKCP0340,537.0,200.0,0.0,0.0,0.0,2.0,170.0,165.0,135.0,233.0,200.0,0.0,50.0,213.0,45.0,245.0,246.0,72.0,0.0,118.0,187.0,820.0,1310.0,1071.0
KRPPKCP0341,2649.0,1366.0,291.0,20.0,6.0,0.0,174.0,223.0,622.0,1001.0,302.0,748.0,1052.0,624.0,490.0,873.0,361.0,285.0,177.0,535.0,79.0,875.0,431.0,1419.0
KRPPKCP0342,1535.0,636.0,241.0,89.0,0.0,0.0,21.0,61.0,46.0,221.0,166.0,50.0,700.0,386.0,23.0,278.0,71.0,64.0,24.0,211.0,188.0,27.0,72.0,740.0
KRPPKCP0343,80.0,151.0,15.0,0.0,0.0,0.0,35.0,136.0,104.0,51.0,0.0,0.0,54.0,55.0,49.0,146.0,0.0,0.0,128.0,36.0,0.0,0.0,781.0,729.0
KRPPKCP0365,192.0,1.0,90.0,15.0,0.0,108.0,5.0,0.0,0.0,0.0,0.0,0.0,0.0,0.0,0.0,0.0,0.0,0.0,0.0,0.0,0.0,0.0,223.0,503.0
KRPPKCP0366,145.0,0.0,0.0,0.0,0.0,0.0,0.0,0.0,0.0,0.0,0.0,9.0,0.0,0.0,3.0,15.0,0.0,0.0,0.0,0.0,3.0,3472.0,2930.0,183.0
KRPPKCP0367,219.0,121.0,97.0,136.0,12.0,26.0,3.0,0.0,0.0,4.0,0.0,0.0,0.0,0.0,0.0,0.0,0.0,0.0,0.0,0.0,0.0,142.0,4034.0,1837.0
KRPPKCP0368,532.0,168.0,34.0,34.0,34.0,6.0,37.0,0.0,0.0,6.0,0.0,0.0,0.0,0.0,0.0,0.0,0.0,0.0,0.0,0.0,0.0,2.0,2257.0,4553.0
KRPPKCP0369,3641.0,65.0,0.0,0.0,57.0,82.0,0.0,0.0,0.0,0.0,0.0,0.0,0.0,0.0,0.0,0.0,0.0,0.0,0.0,0.0,0.0,278.0,202.0,2964.0
KRPPKCP0370,2696.0,297.0,91.0,0.0,3.0,58.0,37.0,25.0,9.0,73.0,41.0,82.0,120.0,68.0,16.0,76.0,0.0,0.0,0.0,25.0,12.0,173.0,3449.0,1026.0
KRPPKCP0379,77.0,0.0,0.0,0.0,0.0,50.0,0.0,274.0,11.0,2806.0,1209.0,404.0,151.0,4004.0,1070.0,306.0,153.0,43.0,281.0,1696.0,1613.0,102.0,2809.0,1997.0
KRPPKCP0380,0.0,0.0,0.0,0.0,0.0,0.0,0.0,0.0,0.0,4.0,13.0,0.0,0.0,0.0,0.0,0.0,0.0,0.0,0.0,0.0,0.0,0.0,0.0,17.0
KRPPKCP0381,6036.0,276.0,39.0,0.0,0.0,0.0,0.0,45.0,0.0,249.0,214.0,162.0,87.0,736.0,2524.0,699.0,13.0,93.0,0.0,256.0,294.0,82.0,1.0,524.0
KRPPKCP0420,0.0,0.0,0.0,0.0,0.0,0.0,0.0,0.0,0.0,0.0,0.0,0.0,0.0,0.0,0.0,0.0,0.0,0.0,0.0,0.0,0.0,0.0,0.0,0.0
KRPPKCP0421,0.0,0.0,0.0,0.0,0.0,0.0,0.0,0.0,0.0,0.0,1.0,0.0,0.0,0.0,1.0,0.0,0.0,0.0,0.0,0.0,0.0,0.0,0.0,0.0
KRPPKCP0439,1561.0,526.0,0.0,0.0,0.0,23.0,0.0,21.0,5.0,0.0,127.0,0.0,0.0,161.0,166.0,0.0,0.0,134.0,0.0,2.0,201.0,69.0,162.0,706.0
KRPPKCP0440,597.0,276.0,0.0,27.0,138.0,11.0,157.0,138.0,45.0,0.0,21.0,0.0,0.0,0.0,0.0,0.0,0.0,0.0,0.0,0.0,0.0,129.0,457.0,1142.0
KRPPKCP0441,966.0,566.0,43.0,3.0,20.0,0.0,0.0,0.0,0.0,0.0,0.0,0.0,0.0,0.0,0.0,0.0,0.0,0.0,0.0,0.0,0.0,0.0,30.0,342.0
KRPPKCP0442,0.0,0.0,0.0,0.0,1.0,69.0,0.0,0.0,27.0,18.0,70.0,215.0,14.0,17.0,1.0,0.0,21.0,79.0,64.0,0.0,0.0,0.0,0.0,0.0
KRPPKCP0443,0.0,0.0,0.0,0.0,0.0,62.0,15.0,44.0,98.0,334.0,54.0,135.0,64.0,143.0,26.0,56.0,0.0,130.0,27.0,248.0,453.0,211.0,0.0,0.0
KRPPKCP0444,147.0,0.0,0.0,0.0,0.0,38.0,353.0,2344.0,2940.0,6144.0,3164.0,3952.0,2448.0,2839.0,2562.0,2583.0,2824.0,3198.0,2901.0,4205.0,4334.0,4817.0,4806.0,2548.0
KRPPKCP0445,62.0,0.0,0.0,0.0,0.0,2.0,28.0,2436.0,2798.0,5995.0,3304.0,4195.0,2679.0,3584.0,2355.0,2990.0,2195.0,3423.0,2242.0,4808.0,2620.0,2143.0,2156.0,926.0
KRPPKCP0447,252.0,1538.0,1350.0,197.0,80.0,57.0,0.0,0.0,0.0,0.0,0.0,0.0,0.0,0.0,0.0,19.0,0.0,0.0,28.0,0.0,0.0,0.0,0.0,0.0
KRPPKCP0449,2837.0,4501.0,1816.0,69.0,17.0,0.0,0.0,0.0,0.0,1.0,12.0,0.0,7.0,61.0,136.0,421.0,291.0,456.0,31.0,0.0,60.0,5.0,0.0,0.0
KRPPKCP0451,5679.0,7143.0,2622.0,212.0,7.0,10.0,0.0,0.0,0.0,0.0,0.0,0.0,80.0,77.0,0.0,7.0,211.0,0.0,0.0,230.0,174.0,1065.0,44.0,56.0
KRPPKCP0452,8265.0,7904.0,2259.0,303.0,85.0,0.0,0.0,0.0,0.0,0.0,0.0,0.0,37.0,84.0,233.0,5.0,34.0,0.0,0.0,132.0,991.0,1975.0,461.0,332.0
KRPPKCP0453,5462.0,891.0,53.0,0.0,315.0,179.0,6075.0,6115.0,6399.0,8087.0,9169.0,7483.0,7498.0,5420.0,5537.0,5173.0,5672.0,5990.0,5330.0,5710.0,5231.0,4299.0,751.0,2346.0
KRPPKCP0454,2590.0,90.0,0.0,0.0,44.0,103.0,3808.0,3751.0,3470.0,4459.0,5051.0,4126.0,4306.0,3376.0,3239.0,3096.0,3904.0,4068.0,3564.0,3841.0,2776.0,2661.0,444.0,2998.0
KRPPKCP0455,3310.0,156.0,33.0,33.0,36.0,54.0,3898.0,3686.0,3343.0,4256.0,4892.0,4039.0,4028.0,3505.0,3477.0,3526.0,3812.0,4277.0,3396.0,4029.0,3215.0,2927.0,231.0,3441.0
KRPPKCP0457,3388.0,1029.0,73.0,51.0,30.0,20.0,253.0,358.0,270.0,438.0,0.0,0.0,499.0,90.0,116.0,85.0,348.0,571.0,64.0,292.0,452.0,332.0,709.0,1366.0
KRPPKCP0458,1630.0,1688.0,1288.0,400.0,38.0,60.0,79.0,938.0,1739.0,1535.0,1564.0,682.0,1658.0,1157.0,1340.0,939.0,685.0,1032.0,963.0,553.0,701.0,816.0,1345.0,1602.0
KRPPKCP0459,2297.0,3329.0,1386.0,195.0,11.0,36.0,0.0,344.0,714.0,468.0,658.0,460.0,789.0,352.0,492.0,468.0,330.0,574.0,328.0,356.0,316.0,370.0,697.0,1007.0
KRPPKCP0460,2346.0,2890.0,1354.0,901.0,317.0,22.0,10.0,484.0,1597.0,1366.0,1497.0,533.0,952.0,702.0,934.0,883.0,411.0,443.0,907.0,547.0,702.0,828.0,991.0,1110.0
KRPPKCP0461,2827.0,3336.0,1757.0,852.0,128.0,0.0,0.0,269.0,576.0,515.0,818.0,476.0,913.0,210.0,289.0,467.0,208.0,331.0,413.0,262.0,413.0,363.0,757.0,1069.0
KRPPKCP0462,2054.0,2865.0,2323.0,1361.0,366.0,23.0,0.0,271.0,1425.0,1689.0,910.0,503.0,1356.0,568.0,899.0,805.0,353.0,223.0,856.0,549.0,721.0,749.0,655.0,1139.0
KRPPKCP0463,3360.0,3122.0,1592.0,805.0,245.0,5.0,0.0,111.0,542.0,626.0,873.0,252.0,802.0,147.0,280.0,342.0,418.0,42.0,210.0,131.0,323.0,407.0,861.0,1513.0
KRPPKCP0464,2756.0,2306.0,2170.0,1147.0,99.0,0.0,13.0,196.0,1184.0,1093.0,856.0,410.0,1236.0,484.0,898.0,752.0,471.0,176.0,644.0,405.0,505.0,572.0,732.0,1488.0
KRPPKCP0465,3351.0,3417.0,1849.0,772.0,107.0,6.0,0.0,50.0,465.0,621.0,855.0,149.0,738.0,177.0,337.0,251.0,185.0,179.0,319.0,202.0,249.0,350.0,368.0,1024.0
KRPPKCP0466,3489.0,3593.0,2499.0,906.0,6.0,0.0,0.0,105.0,988.0,877.0,957.0,379.0,929.0,499.0,689.0,348.0,288.0,147.0,277.0,306.0,445.0,177.0,287.0,827.0
KRPPKCP0467,3544.0,3186.0,2489.0,1359.0,92.0,0.0,14.0,14.0,562.0,466.0,659.0,180.0,579.0,313.0,314.0,373.0,176.0,1.0,216.0,211.0,163.0,232.0,408.0,790.0
KRPPKCP0468,3270.0,3072.0,3271.0,1125.0,22.0,7.0,14.0,72.0,967.0,840.0,927.0,377.0,1031.0,312.0,647.0,387.0,281.0,199.0,174.0,287.0,390.0,350.0,42.0,490.0
KRPPKCP0469,3865.0,3304.0,3120.0,1244.0,118.0,18.0,0.0,14.0,228.0,514.0,405.0,97.0,184.0,176.0,305.0,274.0,196.0,74.0,278.0,40.0,270.0,134.0,29.0,741.0
KRPPKCP0470,3932.0,5235.0,4584.0,2544.0,1256.0,85.0,0.0,35.0,549.0,828.0,1273.0,195.0,1123.0,526.0,426.0,368.0,328.0,101.0,246.0,262.0,294.0,411.0,975.0,2368.0
KRPPKCP0471,2719.0,1281.0,1749.0,1752.0,1134.0,23.0,0.0,11.0,382.0,201.0,256.0,155.0,420.0,151.0,209.0,430.0,76.0,10.0,78.0,54.0,109.0,90.0,335.0,1275.0
KRPPKCP0472,2482.0,1268.0,1319.0,1326.0,893.0,243.0,12.0,0.0,253.0,236.0,555.0,174.0,404.0,82.0,309.0,331.0,28.0,0.0,88.0,61.0,203.0,99.0,472.0,1565.0
KRPPKCP0473,1863.0,2897.0,1836.0,676.0,286.0,7.0,8.0,24.0,144.0,129.0,385.0,34.0,583.0,114.0,409.0,96.0,75.0,0.0,10.0,13.0,89.0,246.0,512.0,479.0
KRPPKCP0475,1319.0,593.0,723.0,728.0,470.0,121.0,15.0,3.0,40.0,167.0,108.0,0.0,76.0,104.0,35.0,123.0,26.0,1.0,64.0,90.0,0.0,117.0,1084.0,2319.0
KRPPKCP0476,1312.0,2172.0,1335.0,536.0,134.0,16.0,56.0,0.0,35.0,134.0,369.0,88.0,253.0,91.0,140.0,162.0,153.0,3.0,104.0,155.0,130.0,100.0,268.0,270.0
KRPPKCP0477,1380.0,723.0,106.0,27.0,11.0,12.0,0.0,9.0,0.0,3.0,167.0,40.0,264.0,0.0,47.0,39.0,0.0,0.0,17.0,2.0,398.0,1950.0,2536.0,1145.0
KRPPKCP0478,2292.0,713.0,217.0,17.0,0.0,9.0,17.0,10.0,126.0,166.0,296.0,174.0,397.0,1.0,145.0,175.0,98.0,57.0,3.0,9.0,71.0,590.0,2907.0,3268.0
KRPPKCP0479,4614.0,2404.0,82.0,0.0,69.0,9.0,3.0,0.0,0.0,84.0,274.0,254.0,28.0,155.0,96.0,94.0,17.0,169.0,62.0,8.0,0.0,118.0,760.0,1171.0
KRPPKCP0480,1060.0,2238.0,2246.0,721.0,46.0,22.0,119.0,98.0,102.0,166.0,426.0,620.0,655.0,561.0,249.0,283.0,282.0,115.0,1.0,132.0,0.0,123.0,1656.0,1410.0
KRPPKCP0481,608.0,1513.0,2361.0,1445.0,136.0,41.0,0.0,9.0,3.0,0.0,0.0,16.0,42.0,92.0,46.0,76.0,63.0,62.0,45.0,18.0,0.0,118.0,1613.0,1390.0
KRPPKCP0482,0.0,0.0,0.0,0.0,2.0,14.0,1.0,0.0,0.0,0.0,0.0,0.0,0.0,0.0,0.0,0.0,0.0,0.0,0.0,0.0,0.0,0.0,0.0,3.0
KRPPKCP0483,0.0,0.0,0.0,0.0,0.0,0.0,1006.0,208.0,1610.0,734.0,2201.0,1645.0,1839.0,524.0,232.0,1285.0,1187.0,2055.0,2029.0,1082.0,448.0,1466.0,1712.0,149.0
KRPPKCP0484,0.0,0.0,0.0,0.0,0.0,0.0,0.0,0.0,0.0,0.0,0.0,0.0,15.0,0.0,0.0,0.0,0.0,0.0,0.0,0.0,0.0,0.0,0.0,0.0
KRPPKCP0485,1234.0,1017.0,337.0,66.0,22.0,44.0,89.0,232.0,781.0,1016.0,1795.0,1657.0,1726.0,1312.0,1274.0,1419.0,1617.0,1200.0,1449.0,603.0,1290.0,2069.0,2326.0,1128.0
KRPPKCP0486,1491.0,1486.0,684.0,51.0,3.0,0.0,0.0,500.0,943.0,1562.0,1979.0,2244.0,1847.0,1181.0,1081.0,1819.0,2050.0,1802.0,1189.0,1212.0,1664.0,2488.0,2303.0,1152.0
KRPPKCP0487,4184.0,1447.0,284.0,180.0,155.0,151.0,43.0,53.0,94.0,81.0,146.0,259.0,216.0,263.0,100.0,314.0,180.0,79.0,12.0,28.0,94.0,235.0,425.0,1709.0
KRPPKCP0488,7777.0,5517.0,937.0,125.0,247.0,84.0,8.0,144.0,218.0,339.0,48.0,148.0,411.0,368.0,348.0,216.0,295.0,122.0,13.0,66.0,316.0,699.0,136.0,1333.0
KRPPKCP0489,6750.0,5575.0,1536.0,1253.0,697.0,110.0,0.0,132.0,94.0,43.0,72.0,253.0,106.0,96.0,261.0,142.0,69.0,71.0,60.0,82.0,141.0,200.0,143.0,308.0
KRPPKCP0490,1461.0,4465.0,3528.0,1904.0,1044.0,217.0,35.0,7.0,35.0,72.0,112.0,152.0,116.0,116.0,171.0,104.0,160.0,36.0,68.0,65.0,113.0,119.0,142.0,139.0
KRPPKCP0491,1704.0,3054.0,2698.0,1751.0,1587.0,354.0,352.0,210.0,43.0,141.0,231.0,44.0,12.0,267.0,72.0,156.0,216.0,80.0,207.0,128.0,310.0,344.0,183.0,665.0
KRPPKCP0492,45.0,0.0,0.0,0.0,8.0,0.0,9.0,0.0,0.0,0.0,0.0,0.0,0.0,0.0,0.0,0.0,0.0,0.0,0.0,0.0,0.0,30.0,986.0,1076.0
KRPPKCP0493,370.0,0.0,0.0,0.0,123.0,17.0,0.0,0.0,0.0,0.0,0.0,0.0,0.0,0.0,0.0,0.0,0.0,0.0,0.0,0.0,0.0,78.0,724.0,1534.0
KRPPKCP0494,5341.0,837.0,215.0,25.0,15.0,82.0,73.0,0.0,0.0,0.0,0.0,0.0,0.0,0.0,0.0,0.0,0.0,0.0,0.0,0.0,0.0,28.0,1092.0,3591.0
KRPPKCP0495,6969.0,2174.0,233.0,205.0,148.0,60.0,80.0,146.0,0.0,0.0,0.0,0.0,0.0,0.0,38.0,4.0,0.0,0.0,0.0,0.0,0.0,0.0,308.0,2448.0
KRPPKCP0496,8020.0,3887.0,810.0,391.0,140.0,9.0,0.0,89.0,0.0,0.0,0.0,0.0,0.0,0.0,4.0,10.0,0.0,0.0,0.0,0.0,60.0,0.0,152.0,2005.0
KRPPKCP0497,3956.0,6694.0,5333.0,2036.0,400.0,8.0,0.0,0.0,0.0,0.0,0.0,0.0,0.0,11.0,2.0,0.0,43.0,5.0,3.0,0.0,3.0,12.0,18.0,203.0
KRPPKCP0498,1318.0,3398.0,5262.0,3431.0,571.0,251.0,35.0,70.0,54.0,0.0,0.0,0.0,0.0,0.0,29.0,0.0,27.0,0.0,88.0,0.0,68.0,44.0,236.0,753.0
KRPPKCP0499,3103.0,2307.0,156.0,0.0,0.0,31.0,58.0,1173.0,1637.0,2443.0,2490.0,2391.0,1768.0,1674.0,1596.0,2159.0,1790.0,1732.0,1849.0,2010.0,1984.0,1937.0,1640.0,2623.0
KRPPKCP0500,637.0,202.0,38.0,0.0,238.0,2175.0,104.0,14.0,1235.0,1828.0,1844.0,1614.0,1738.0,2044.0,1719.0,1483.0,1519.0,1648.0,1821.0,1694.0,1507.0,1548.0,1753.0,1247.0
KRPPKCP0501,1366.0,411.0,0.0,0.0,135.0,1847.0,17.0,26.0,829.0,1263.0,1825.0,1940.0,1806.0,1568.0,1674.0,1755.0,1369.0,1174.0,1185.0,1092.0,1350.0,1193.0,1314.0,1419.0
KRPPKCP0502,1600.0,835.0,2.0,0.0,0.0,1824.0,113.0,27.0,1208.0,1651.0,2073.0,1312.0,1588.0,1821.0,1525.0,1872.0,1253.0,1039.0,1156.0,1349.0,1610.0,1312.0,796.0,1536.0
KRPPKCP0503,1384.0,1730.0,155.0,0.0,9.0,458.0,123.0,16.0,692.0,898.0,1868.0,1368.0,1345.0,1361.0,1336.0,1210.0,945.0,1067.0,942.0,919.0,1608.0,1291.0,321.0,1677.0
KRPPKCP0504,1056.0,1482.0,386.0,84.0,16.0,51.0,46.0,80.0,475.0,387.0,927.0,859.0,722.0,719.0,607.0,649.0,1005.0,591.0,533.0,756.0,757.0,828.0,158.0,1664.0
KRPPKCP0505,688.0,1164.0,622.0,71.0,0.0,0.0,30.0,0.0,116.0,429.0,872.0,640.0,604.0,461.0,689.0,431.0,440.0,457.0,571.0,521.0,730.0,973.0,929.0,795.0
KRPPKCP0506,257.0,1889.0,472.0,0.0,0.0,103.0,32.0,0.0,20.0,194.0,250.0,476.0,225.0,303.0,289.0,454.0,378.0,384.0,101.0,497.0,323.0,632.0,1156.0,896.0
KRPPKCP0507,164.0,0.0,0.0,0.0,0.0,0.0,0.0,1.0,296.0,589.0,1033.0,928.0,662.0,755.0,722.0,948.0,696.0,478.0,508.0,705.0,545.0,932.0,1598.0,498.0
KRPPKCP0508,3730.0,179.0,0.0,0.0,15.0,178.0,247.0,44.0,161.0,378.0,319.0,455.0,400.0,445.0,222.0,415.0,864.0,168.0,223.0,327.0,357.0,727.0,203.0,1794.0
KRPPKCP0509,3398.0,2022.0,373.0,90.0,0.0,285.0,0.0,32.0,4.0,69.0,326.0,220.0,90.0,0.0,61.0,0.0,13.0,19.0,0.0,0.0,108.0,198.0,26.0,46.0
KRPPKCP0510,3517.0,1180.0,146.0,0.0,0.0,23.0,10.0,33.0,33.0,13.0,52.0,26.0,81.0,21.0,38.0,21.0,7.0,0.0,16.0,65.0,3.0,378.0,432.0,539.0
KRPPKCP0511,323.0,370.0,116.0,11.0,0.0,3.0,0.0,14.0,0.0,0.0,0.0,13.0,0.0,57.0,22.0,0.0,0.0,0.0,0.0,29.0,4.0,322.0,2213.0,862.0
KRPPKCP0512,1287.0,291.0,125.0,14.0,49.0,3.0,77.0,222.0,32.0,58.0,77.0,155.0,110.0,44.0,57.0,74.0,69.0,120.0,293.0,47.0,136.0,164.0,1761.0,2727.0
KRPPKCP0513,18.0,0.0,0.0,0.0,0.0,0.0,0.0,0.0,1.0,13.0,0.0,0.0,0.0,0.0,0.0,0.0,0.0,0.0,0.0,0.0,0.0,0.0,452.0,473.0
KRPPKCP0514,195.0,806.0,1182.0,1016.0,294.0,94.0,3.0,0.0,3.0,0.0,78.0,0.0,0.0,0.0,0.0,0.0,0.0,37.0,0.0,0.0,0.0,0.0,0.0,81.0
KRPPKCP0515,298.0,2528.0,1567.0,270.0,0.0,0.0,0.0,670.0,573.0,487.0,997.0,893.0,1329.0,433.0,597.0,422.0,462.0,1410.0,976.0,790.0,764.0,753.0,413.0,0.0
KRPPKCP0516,3209.0,2137.0,332.0,39.0,0.0,9.0,122.0,1769.0,1293.0,1680.0,1700.0,1431.0,1641.0,1743.0,1703.0,615.0,834.0,1342.0,1626.0,1474.0,1523.0,1522.0,504.0,21.0
KRPPKCP0517,3078.0,2691.0,854.0,193.0,12.0,118.0,581.0,1824.0,1272.0,1428.0,1473.0,1277.0,1816.0,1461.0,1010.0,556.0,548.0,1569.0,1658.0,1509.0,1229.0,1228.0,814.0,236.0
KRPPKCP0518,3215.0,707.0,22.0,14.0,49.0,162.0,808.0,987.0,942.0,1444.0,1475.0,802.0,1669.0,924.0,1294.0,714.0,484.0,1192.0,1256.0,1184.0,1174.0,881.0,617.0,1866.0
KRPPKCP0519,623.0,726.0,447.0,0.0,68.0,165.0,13.0,33.0,4.0,92.0,216.0,75.0,56.0,52.0,10.0,20.0,46.0,156.0,11.0,16.0,20.0,284.0,1228.0,2563.0
KRPPKCP0521,3179.0,450.0,8.0,0.0,0.0,137.0,564.0,1955.0,1270.0,1963.0,2109.0,1101.0,2288.0,1885.0,1417.0,916.0,737.0,1770.0,1601.0,1893.0,1585.0,1624.0,684.0,1726.0
KRPPKCP0522,4397.0,1109.0,103.0,26.0,12.0,13.0,699.0,1173.0,978.0,1518.0,1842.0,1028.0,1924.0,1470.0,1354.0,856.0,609.0,1410.0,1536.0,1411.0,1461.0,1281.0,976.0,906.0
KRPPKCP0523,1526.0,2256.0,618.0,11.0,0.0,10.0,44.0,1968.0,927.0,1136.0,1488.0,1087.0,1245.0,1365.0,1317.0,457.0,553.0,1315.0,1240.0,1377.0,1400.0,1255.0,337.0,194.0
KRPPKCP0524,3010.0,948.0,160.0,109.0,7.0,85.0,32.0,75.0,24.0,19.0,13.0,119.0,239.0,33.0,37.0,12.0,11.0,81.0,38.0,0.0,18.0,79.0,191.0,1385.0
KRPPKCP0525,3211.0,2622.0,931.0,25.0,0.0,26.0,199.0,1117.0,681.0,567.0,1107.0,862.0,1329.0,1362.0,1343.0,596.0,588.0,1668.0,1110.0,859.0,1554.0,1492.0,1067.0,953.0
KRPPKCP0526,3009.0,907.0,487.0,56.0,0.0,0.0,79.0,195.0,203.0,290.0,505.0,561.0,817.0,352.0,249.0,56.0,88.0,311.0,121.0,36.0,126.0,303.0,325.0,1419.0
KRPPKCP0527,2430.0,2582.0,1050.0,45.0,220.0,85.0,483.0,1762.0,960.0,972.0,1247.0,1109.0,1287.0,1528.0,1689.0,731.0,817.0,2104.0,1797.0,1194.0,1816.0,1547.0,1448.0,1423.0
KRPPKCP0528,4190.0,1418.0,584.0,71.0,132.0,61.0,187.0,269.0,597.0,506.0,1041.0,685.0,1316.0,510.0,409.0,117.0,499.0,292.0,320.0,161.0,176.0,426.0,550.0,926.0
KRPPKCP0529,1830.0,2793.0,1077.0,113.0,44.0,123.0,592.0,1772.0,1412.0,1720.0,1779.0,1309.0,1976.0,2024.0,1445.0,734.0,785.0,2253.0,1722.0,1650.0,2128.0,2090.0,1644.0,1592.0
KRPPKCP0530,4479.0,1498.0,361.0,178.0,0.0,0.0,175.0,269.0,195.0,453.0,758.0,1256.0,978.0,515.0,848.0,241.0,359.0,615.0,490.0,274.0,382.0,206.0,501.0,662.0
KRPPKCP0531,2655.0,2259.0,573.0,26.0,205.0,177.0,1069.0,1986.0,1623.0,1811.0,2322.0,1929.0,2191.0,2001.0,2146.0,1050.0,1170.0,2824.0,2489.0,1515.0,2105.0,2210.0,1843.0,1714.0
KRPPKCP0532,9697.0,10105.0,7702.0,516.0,3273.0,2136.0,38.0,0.0,0.0,0.0,0.0,0.0,0.0,0.0,0.0,0.0,0.0,0.0,292.0,470.0,457.0,337.0,132.0,119.0
KRPPKCP0533,4924.0,4842.0,2079.0,230.0,0.0,0.0,84.0,97.0,0.0,4.0,0.0,199.0,776.0,569.0,411.0,177.0,393.0,299.0,2.0,0.0,30.0,0.0,24.0,399.0
KRPPKCP0537,5807.0,4542.0,1932.0,331.0,0.0,0.0,5.0,39.0,0.0,0.0,0.0,0.0,72.0,0.0,50.0,0.0,0.0,0.0,0.0,0.0,19.0,0.0,56.0,598.0
KRPPKCP0541,0.0,0.0,0.0,0.0,0.0,0.0,0.0,0.0,11.0,46.0,42.0,0.0,1.0,16.0,28.0,31.0,32.0,26.0,0.0,0.0,0.0,0.0,0.0,0.0
KRPPKCP0542,3659.0,1737.0,314.0,21.0,0.0,0.0,179.0,157.0,34.0,28.0,56.0,129.0,1.0,91.0,94.0,41.0,20.0,36.0,132.0,133.0,38.0,0.0,1013.0,2458.0
KRPPKCP0543,757.0,274.0,45.0,0.0,24.0,0.0,43.0,62.0,73.0,3.0,425.0,209.0,2567.0,623.0,269.0,194.0,179.0,669.0,70.0,41.0,62.0,0.0,2501.0,1498.0
KRPPKCP0544,2218.0,92.0,0.0,0.0,0.0,30.0,0.0,59.0,0.0,0.0,0.0,0.0,229.0,14.0,164.0,27.0,12.0,0.0,0.0,0.0,0.0,0.0,320.0,2589.0
KRPPKCP0545,4063.0,1559.0,33.0,0.0,24.0,0.0,123.0,93.0,0.0,29.0,13.0,14.0,122.0,129.0,21.0,63.0,54.0,0.0,0.0,0.0,0.0,0.0,46.0,428.0
KRPPKCP0546,2585.0,2198.0,94.0,0.0,0.0,12.0,689.0,308.0,138.0,266.0,390.0,706.0,1059.0,847.0,293.0,173.0,410.0,338.0,74.0,0.0,21.0,42.0,28.0,56.0
KRPPKCP0547,5485.0,1060.0,9.0,0.0,0.0,28.0,1488.0,1483.0,2054.0,1904.0,1846.0,1936.0,2239.0,2260.0,1816.0,2075.0,1572.0,1966.0,912.0,505.0,764.0,213.0,3.0,536.0
KRPPKCP0548,4874.0,557.0,127.0,13.0,11.0,15.0,1758.0,1494.0,1916.0,2266.0,2322.0,2350.0,2781.0,2169.0,1976.0,2171.0,1964.0,1852.0,1298.0,1167.0,1106.0,443.0,190.0,2181.0
KRPPKCP0549,0.0,0.0,0.0,0.0,0.0,0.0,0.0,0.0,0.0,0.0,0.0,0.0,6.0,12.0,2.0,0.0,0.0,0.0,0.0,0.0,0.0,0.0,0.0,0.0
KRPPKCP0550,2312.0,1798.0,830.0,552.0,81.0,29.0,0.0,0.0,60.0,88.0,8.0,0.0,261.0,325.0,121.0,68.0,63.0,16.0,18.0,37.0,106.0,57.0,449.0,1130.0
KRPPKCP0552,3591.0,3407.0,1833.0,543.0,5.0,0.0,0.0,0.0,22.0,0.0,0.0,23.0,32.0,97.0,20.0,58.0,138.0,0.0,0.0,34.0,34.0,1.0,361.0,970.0
KRPPKCP0554,4149.0,3987.0,1915.0,378.0,109.0,0.0,65.0,17.0,31.0,84.0,0.0,51.0,74.0,71.0,0.0,0.0,81.0,0.0,0.0,0.0,0.0,0.0,88.0,721.0
KRPPKCP0556,3762.0,4309.0,2502.0,1134.0,289.0,0.0,29.0,0.0,7.0,29.0,0.0,20.0,0.0,54.0,70.0,220.0,54.0,31.0,0.0,0.0,0.0,0.0,71.0,410.0
KRPPKCP0557,5026.0,4189.0,2101.0,313.0,0.0,0.0,167.0,239.0,75.0,71.0,233.0,427.0,138.0,310.0,65.0,204.0,61.0,110.0,31.0,38.0,37.0,299.0,427.0,988.0
KRPPKCP0558,0.0,0.0,0.0,0.0,0.0,0.0,0.0,0.0,0.0,0.0,0.0,0.0,0.0,0.0,0.0,0.0,0.0,0.0,0.0,0.0,0.0,0.0,0.0,5.0
KRPPKCP0559,3341.0,1012.0,172.0,0.0,2.0,11.0,1110.0,1671.0,1670.0,1661.0,1315.0,1207.0,2164.0,1617.0,1043.0,874.0,1299.0,1320.0,564.0,218.0,550.0,643.0,869.0,2561.0
KRPPKCP0560,3702.0,2783.0,1075.0,265.0,0.0,5.0,1087.0,1637.0,782.0,699.0,1211.0,1346.0,1069.0,977.0,787.0,1056.0,613.0,819.0,76.0,154.0,52.0,402.0,783.0,1358.0
KRPPKCP0561,6714.0,2029.0,3901.0,4609.0,3611.0,1262.0,540.0,561.0,705.0,738.0,1125.0,940.0,420.0,501.0,689.0,713.0,417.0,646.0,475.0,791.0,508.0,179.0,195.0,2007.0
KRPPKCP0562,7156.0,2126.0,4325.0,4038.0,1874.0,720.0,676.0,467.0,820.0,1025.0,871.0,776.0,792.0,415.0,468.0,482.0,838.0,579.0,740.0,571.0,522.0,475.0,145.0,1512.0
KRPPKCP0563,1302.0,3763.0,3724.0,3237.0,2280.0,1062.0,969.0,764.0,503.0,1054.0,1343.0,1186.0,533.0,402.0,339.0,526.0,1003.0,839.0,766.0,754.0,629.0,487.0,323.0,181.0
KRPPKCP0564,839.0,4400.0,2438.0,2676.0,3400.0,1509.0,649.0,701.0,564.0,796.0,1019.0,861.0,385.0,301.0,509.0,539.0,847.0,585.0,389.0,339.0,312.0,631.0,437.0,103.0
KRPPKCP0567,5767.0,3783.0,1592.0,492.0,0.0,0.0,0.0,0.0,0.0,5.0,56.0,4.0,35.0,376.0,277.0,53.0,0.0,0.0,0.0,225.0,1044.0,1213.0,257.0,1478.0
KRPPKCP0568,2386.0,2524.0,3037.0,1344.0,52.0,0.0,0.0,0.0,0.0,0.0,0.0,20.0,65.0,228.0,234.0,90.0,0.0,0.0,0.0,2.0,103.0,139.0,0.0,668.0
KRPPKCP0569,1641.0,633.0,1261.0,332.0,0.0,0.0,0.0,0.0,0.0,0.0,0.0,0.0,0.0,49.0,27.0,0.0,0.0,0.0,0.0,0.0,81.0,276.0,171.0,483.0
KRPPKCP0570,1326.0,653.0,2439.0,2299.0,739.0,193.0,124.0,1.0,0.0,0.0,6.0,16.0,0.0,0.0,0.0,0.0,0.0,0.0,0.0,74.0,699.0,189.0,0.0,322.0
KRPPKCP0575,1670.0,711.0,205.0,309.0,171.0,73.0,41.0,180.0,676.0,1464.0,2323.0,1284.0,2111.0,1832.0,2308.0,1977.0,1962.0,2368.0,1133.0,424.0,465.0,486.0,849.0,1120.0
KRPPKCP0576,3224.0,1793.0,502.0,26.0,0.0,0.0,140.0,802.0,1078.0,1068.0,987.0,1788.0,1310.0,1582.0,1372.0,2010.0,1246.0,814.0,1327.0,1145.0,1123.0,845.0,1135.0,1636.0
KRPPKCP0577,2983.0,1369.0,218.0,135.0,0.0,0.0,181.0,366.0,958.0,1052.0,1363.0,1281.0,1339.0,1191.0,1167.0,1352.0,625.0,800.0,850.0,458.0,524.0,819.0,297.0,574.0
KRPPKCP0578,1898.0,1696.0,837.0,181.0,7.0,0.0,3.0,376.0,791.0,780.0,1956.0,1060.0,1594.0,1989.0,1350.0,1095.0,455.0,679.0,880.0,788.0,498.0,712.0,435.0,314.0
KRPPKCP0579,1849.0,1217.0,290.0,25.0,0.0,0.0,0.0,23.0,412.0,866.0,1651.0,1244.0,1341.0,1154.0,1266.0,1558.0,841.0,872.0,1456.0,805.0,481.0,294.0,287.0,276.0
KRPPKCP0580,2439.0,687.0,142.0,0.0,13.0,0.0,938.0,1424.0,1267.0,1440.0,1337.0,1458.0,1535.0,1968.0,1947.0,1699.0,2174.0,1600.0,1680.0,2021.0,1655.0,2142.0,2641.0,2682.0
KRPPKCP0581,2433.0,594.0,76.0,0.0,0.0,0.0,718.0,1778.0,833.0,1337.0,1292.0,2078.0,1081.0,1085.0,1531.0,1736.0,1924.0,1843.0,1691.0,1411.0,933.0,1374.0,1927.0,2209.0
KRPPKCP0582,1723.0,392.0,85.0,0.0,134.0,0.0,708.0,2000.0,956.0,1560.0,1248.0,1907.0,1895.0,1759.0,1810.0,1844.0,1831.0,2186.0,1588.0,1430.0,1220.0,2069.0,2767.0,2558.0
KRPPKCP0583,3895.0,3590.0,2156.0,196.0,107.0,193.0,1586.0,3547.0,3394.0,4758.0,4327.0,4629.0,4176.0,4007.0,3894.0,3771.0,3417.0,4007.0,4200.0,3634.0,4361.0,4610.0,4370.0,3728.0
KRPPKCP0584,0.0,0.0,0.0,0.0,0.0,0.0,0.0,0.0,0.0,6.0,0.0,0.0,0.0,7.0,0.0,0.0,0.0,0.0,0.0,0.0,0.0,0.0,0.0,2.0
KRPPKCP0585,4270.0,3670.0,2306.0,102.0,66.0,0.0,853.0,2944.0,2485.0,3753.0,4247.0,4110.0,3764.0,2864.0,3472.0,3309.0,2627.0,3041.0,2188.0,3069.0,3531.0,3160.0,3436.0,2745.0
KRPPKCP0586,4065.0,3480.0,2166.0,298.0,44.0,16.0,1216.0,4231.0,3188.0,4802.0,5093.0,4608.0,4411.0,4370.0,4214.0,3600.0,4149.0,4092.0,3452.0,4108.0,4375.0,4450.0,3416.0,3531.0
KRPPKCP0587,1548.0,56.0,0.0,0.0,0.0,0.0,29.0,752.0,730.0,629.0,658.0,976.0,693.0,524.0,437.0,375.0,599.0,478.0,417.0,533.0,709.0,383.0,63.0,284.0
KRPPKCP0588,1345.0,342.0,0.0,0.0,0.0,0.0,34.0,925.0,901.0,1104.0,1039.0,1081.0,892.0,514.0,799.0,723.0,697.0,711.0,652.0,819.0,838.0,808.0,450.0,366.0
KRPPKCP0589,1771.0,108.0,0.0,0.0,0.0,8.0,61.0,1126.0,1150.0,1255.0,1190.0,1159.0,960.0,987.0,944.0,782.0,923.0,932.0,702.0,900.0,995.0,853.0,804.0,200.0
KRPPKCP0590,2390.0,19.0,0.0,0.0,0.0,5.0,278.0,1139.0,706.0,998.0,1052.0,1075.0,794.0,1017.0,919.0,839.0,789.0,910.0,766.0,757.0,1028.0,958.0,709.0,318.0
KRPPKCP0591,1155.0,0.0,0.0,0.0,0.0,32.0,592.0,190.0,75.0,110.0,142.0,543.0,319.0,330.0,343.0,130.0,256.0,329.0,430.0,292.0,266.0,410.0,300.0,498.0
KRPPKCP0592,214.0,0.0,0.0,0.0,0.0,21.0,0.0,0.0,0.0,0.0,0.0,43.0,17.0,0.0,0.0,0.0,0.0,0.0,0.0,0.0,8.0,445.0,220.0,1369.0
KRPPKCP0593,1640.0,0.0,0.0,0.0,0.0,0.0,0.0,0.0,0.0,18.0,1306.0,1811.0,131.0,0.0,0.0,358.0,593.0,1037.0,145.0,205.0,792.0,108.0,0.0,906.0
KRPPKCP0594,2073.0,66.0,0.0,0.0,0.0,0.0,0.0,0.0,0.0,1.0,1702.0,1956.0,115.0,14.0,11.0,267.0,507.0,1281.0,174.0,809.0,1089.0,174.0,0.0,1080.0
KRPPKCP0595,3037.0,0.0,0.0,0.0,0.0,10.0,0.0,0.0,0.0,8.0,1526.0,1825.0,96.0,0.0,0.0,235.0,287.0,717.0,146.0,666.0,1078.0,109.0,0.0,225.0
KRPPKCP0597,819.0,0.0,0.0,0.0,0.0,4.0,62.0,0.0,49.0,94.0,365.0,564.0,329.0,153.0,28.0,83.0,78.0,95.0,43.0,196.0,297.0,194.0,38.0,730.0
KRPPKCP0598,16.0,0.0,0.0,0.0,0.0,0.0,4.0,61.0,72.0,127.0,1106.0,600.0,270.0,726.0,3.0,5.0,157.0,174.0,65.0,172.0,428.0,39.0,373.0,1197.0
KRPPKCP0599,0.0,0.0,0.0,0.0,0.0,0.0,0.0,0.0,116.0,281.0,379.0,51.0,23.0,218.0,0.0,19.0,36.0,153.0,17.0,102.0,34.0,3.0,203.0,328.0
KRPPKCP0600,26.0,0.0,0.0,0.0,13.0,0.0,45.0,1347.0,971.0,1815.0,1697.0,1955.0,1414.0,1124.0,1017.0,1283.0,837.0,867.0,976.0,937.0,989.0,838.0,2291.0,843.0
KRPPKCP0601,950.0,664.0,32.0,0.0,48.0,274.0,502.0,1125.0,1034.0,836.0,682.0,943.0,649.0,1032.0,330.0,533.0,596.0,663.0,763.0,700.0,1052.0,1008.0,741.0,706.0
KRPPKCP0602,258.0,89.0,0.0,0.0,47.0,75.0,6.0,76.0,177.0,219.0,141.0,198.0,233.0,154.0,251.0,97.0,87.0,73.0,149.0,72.0,42.0,288.0,523.0,848.0
KRPPKCP0603,1124.0,967.0,75.0,0.0,111.0,165.0,305.0,1047.0,934.0,1270.0,889.0,537.0,986.0,535.0,658.0,618.0,904.0,490.0,574.0,483.0,845.0,775.0,1112.0,708.0
KRPPKCP0604,869.0,17.0,0.0,0.0,0.0,77.0,221.0,1797.0,1182.0,1935.0,1980.0,1863.0,1683.0,1589.0,1470.0,1341.0,1243.0,1435.0,1363.0,904.0,1182.0,1218.0,732.0,2432.0
KRPPKCP0605,1324.0,1310.0,170.0,40.0,137.0,196.0,298.0,304.0,478.0,602.0,423.0,547.0,503.0,381.0,522.0,301.0,183.0,229.0,247.0,381.0,434.0,489.0,665.0,458.0
KRPPKCP0606,2915.0,222.0,28.0,0.0,0.0,1.0,108.0,1652.0,1209.0,1902.0,1422.0,1358.0,1753.0,1535.0,1417.0,1170.0,1135.0,1011.0,995.0,1114.0,1288.0,925.0,610.0,1001.0
KRPPKCP0607,150.0,0.0,0.0,8.0,288.0,526.0,467.0,2629.0,1570.0,1105.0,1225.0,2039.0,872.0,1018.0,1148.0,1458.0,657.0,753.0,811.0,1065.0,636.0,1001.0,1960.0,1505.0
KRPPKCP0608,2438.0,19.0,0.0,48.0,207.0,1152.0,1096.0,2939.0,1852.0,1873.0,1675.0,1895.0,1600.0,1569.0,1557.0,1643.0,1196.0,1547.0,1183.0,812.0,1097.0,1657.0,191.0,1146.0
KRPPKCP0609,0.0,0.0,0.0,0.0,171.0,165.0,265.0,2376.0,1722.0,760.0,844.0,1249.0,538.0,553.0,780.0,1285.0,170.0,507.0,492.0,1038.0,273.0,636.0,3033.0,461.0
KRPPKCP0610,1304.0,11.0,0.0,0.0,65.0,1261.0,781.0,2975.0,1922.0,2260.0,1950.0,2110.0,1579.0,1488.0,1545.0,1592.0,1240.0,1278.0,928.0,1260.0,1470.0,1862.0,398.0,1958.0
KRPPKCP0622,7092.0,3313.0,44.0,0.0,0.0,18.0,219.0,1180.0,791.0,1285.0,1120.0,894.0,944.0,311.0,338.0,719.0,990.0,1226.0,816.0,488.0,522.0,195.0,303.0,3573.0
KRPPKCP0623,3651.0,1545.0,334.0,5.0,27.0,320.0,264.0,1521.0,952.0,1562.0,1556.0,1382.0,555.0,418.0,862.0,627.0,912.0,1119.0,941.0,441.0,460.0,238.0,62.0,3638.0
KRPPKCP0624,3899.0,1799.0,480.0,0.0,25.0,400.0,223.0,1319.0,870.0,1378.0,1559.0,1424.0,969.0,537.0,350.0,616.0,1050.0,1395.0,786.0,495.0,457.0,169.0,193.0,4324.0
KRPPKCP0625,2663.0,1059.0,342.0,25.0,69.0,178.0,152.0,1011.0,437.0,1278.0,1647.0,1201.0,629.0,576.0,594.0,400.0,707.0,1023.0,837.0,369.0,429.0,306.0,103.0,2856.0
KRPPKCP0626,3022.0,1547.0,270.0,0.0,0.0,30.0,5.0,74.0,0.0,31.0,155.0,271.0,32.0,81.0,29.0,213.0,46.0,94.0,9.0,0.0,29.0,41.0,31.0,1161.0
KRPPKCP0628,0.0,0.0,0.0,0.0,0.0,0.0,0.0,0.0,0.0,0.0,0.0,0.0,0.0,0.0,0.0,0.0,0.0,0.0,0.0,0.0,0.0,0.0,0.0,2.0
KRPPKCP0629,3693.0,416.0,24.0,0.0,74.0,281.0,492.0,321.0,395.0,144.0,684.0,1253.0,704.0,1607.0,4299.0,1789.0,830.0,336.0,324.0,16.0,232.0,0.0,822.0,4107.0
KRPPKCP0630,1756.0,1719.0,645.0,0.0,0.0,0.0,0.0,192.0,486.0,1120.0,1837.0,2109.0,1596.0,1096.0,750.0,1622.0,1690.0,952.0,657.0,908.0,1031.0,1499.0,2716.0,1314.0
KRPPKCP0631,0.0,0.0,0.0,0.0,0.0,0.0,33.0,106.0,664.0,533.0,1762.0,2181.0,1492.0,582.0,374.0,1553.0,794.0,980.0,646.0,1716.0,503.0,2913.0,693.0,152.0
KRPPKCP0632,0.0,0.0,0.0,0.0,0.0,67.0,0.0,103.0,367.0,722.0,1843.0,2224.0,1043.0,538.0,411.0,1547.0,1088.0,1356.0,1006.0,1413.0,282.0,1782.0,1717.0,64.0
KRPPKCP0633,6188.0,142.0,0.0,0.0,137.0,210.0,1345.0,1388.0,1395.0,878.0,1023.0,1412.0,1308.0,758.0,569.0,1052.0,965.0,949.0,221.0,272.0,1422.0,1385.0,1828.0,4492.0
KRPPKCP0634,3158.0,1672.0,127.0,0.0,0.0,0.0,0.0,0.0,0.0,337.0,2093.0,0.0,1130.0,993.0,2.0,64.0,303.0,255.0,0.0,0.0,189.0,0.0,0.0,0.0
KRPPKCP0635,2559.0,1116.0,113.0,0.0,0.0,0.0,0.0,0.0,0.0,1184.0,1228.0,0.0,1275.0,1435.0,101.0,990.0,1662.0,603.0,6.0,712.0,291.0,0.0,0.0,0.0
KRPPKCP0636,922.0,666.0,333.0,15.0,0.0,0.0,8.0,227.0,39.0,47.0,406.0,190.0,393.0,126.0,122.0,225.0,143.0,282.0,535.0,425.0,1089.0,2542.0,2143.0,1158.0
KRPPKCP0637,2238.0,3920.0,3664.0,1541.0,152.0,144.0,6.0,493.0,589.0,1058.0,881.0,1412.0,1346.0,1120.0,774.0,735.0,769.0,397.0,488.0,521.0,259.0,296.0,512.0,673.0
KRPPKCP0638,1614.0,1637.0,1375.0,628.0,199.0,0.0,0.0,91.0,185.0,336.0,594.0,241.0,316.0,337.0,156.0,406.0,265.0,209.0,287.0,285.0,670.0,1724.0,1819.0,1557.0
KRPPKCP0639,3056.0,2564.0,1335.0,374.0,158.0,164.0,39.0,202.0,31.0,266.0,953.0,936.0,708.0,751.0,697.0,424.0,371.0,316.0,502.0,256.0,431.0,790.0,928.0,1371.0
KRPPKCP0640,1268.0,2297.0,2187.0,1033.0,35.0,0.0,0.0,376.0,108.0,657.0,499.0,627.0,418.0,464.0,263.0,374.0,137.0,161.0,213.0,273.0,303.0,496.0,269.0,47.0
KRPPKCP0641,2254.0,2188.0,2051.0,1372.0,618.0,48.0,0.0,278.0,478.0,501.0,1146.0,1070.0,1394.0,626.0,522.0,401.0,520.0,584.0,516.0,838.0,332.0,679.0,959.0,1032.0
KRPPKCP0642,2779.0,1382.0,520.0,52.0,0.0,0.0,0.0,256.0,91.0,264.0,713.0,764.0,593.0,503.0,355.0,394.0,379.0,252.0,322.0,233.0,459.0,1033.0,1398.0,1724.0
KRPPKCP0643,1044.0,1152.0,521.0,133.0,140.0,149.0,15.0,572.0,500.0,1011.0,1423.0,1011.0,876.0,641.0,533.0,805.0,389.0,765.0,703.0,744.0,940.0,2091.0,2388.0,1625.0
KRPPKCP0644,4862.0,1631.0,138.0,0.0,0.0,0.0,9.0,0.0,762.0,2490.0,2692.0,277.0,3027.0,3688.0,1615.0,1219.0,2484.0,3182.0,391.0,1484.0,1633.0,1824.0,2179.0,1822.0
KRPPKCP0645,3502.0,1006.0,87.0,0.0,0.0,0.0,0.0,269.0,1164.0,1794.0,772.0,1764.0,1843.0,808.0,1610.0,1689.0,582.0,1534.0,1453.0,486.0,1194.0,1653.0,302.0,1824.0
KRPPKCP0646,2201.0,1874.0,447.0,37.0,0.0,0.0,0.0,0.0,138.0,427.0,384.0,167.0,429.0,369.0,286.0,163.0,92.0,215.0,186.0,7.0,74.0,33.0,85.0,141.0
KRPPKCP0647,3916.0,1056.0,31.0,0.0,0.0,53.0,73.0,22.0,0.0,0.0,0.0,0.0,1825.0,2869.0,534.0,0.0,142.0,10.0,0.0,0.0,0.0,0.0,0.0,2841.0
KRPPKCP0648,3266.0,795.0,91.0,0.0,0.0,0.0,0.0,202.0,189.0,1224.0,3071.0,949.0,255.0,214.0,1716.0,1403.0,234.0,150.0,38.0,296.0,1641.0,192.0,0.0,2021.0
KRPPKCP0649,243.0,0.0,97.0,0.0,173.0,1.0,0.0,0.0,0.0,0.0,0.0,0.0,0.0,0.0,0.0,0.0,0.0,72.0,45.0,123.0,150.0,230.0,0.0,2858.0
KRPPKCP0650,2331.0,453.0,40.0,25.0,23.0,4.0,0.0,27.0,211.0,351.0,511.0,553.0,1007.0,586.0,1002.0,664.0,664.0,416.0,644.0,358.0,649.0,259.0,0.0,555.0
KRPPKCP0651,796.0,1790.0,803.0,103.0,23.0,15.0,23.0,64.0,1058.0,908.0,924.0,677.0,1315.0,1596.0,1152.0,1467.0,692.0,1162.0,566.0,1028.0,965.0,348.0,0.0,104.0
KRPPKCP0652,394.0,1482.0,832.0,72.0,0.0,8.0,31.0,55.0,409.0,804.0,953.0,806.0,786.0,747.0,1188.0,727.0,586.0,682.0,634.0,964.0,733.0,370.0,0.0,7.0
KRPPKCP0653,2223.0,863.0,272.0,40.0,0.0,133.0,12.0,52.0,373.0,454.0,1136.0,829.0,773.0,725.0,644.0,928.0,912.0,506.0,657.0,382.0,772.0,801.0,0.0,384.0
KRPPKCP0654,281.0,41.0,0.0,0.0,0.0,5.0,39.0,21.0,86.0,222.0,86.0,409.0,175.0,574.0,508.0,144.0,53.0,160.0,108.0,83.0,144.0,187.0,0.0,2711.0
KRPPKCP0655,891.0,183.0,16.0,0.0,0.0,2.0,112.0,650.0,959.0,1156.0,847.0,1078.0,966.0,875.0,897.0,784.0,944.0,879.0,548.0,1021.0,906.0,818.0,0.0,2188.0
KRPPKCP0656,2004.0,1102.0,490.0,41.0,0.0,9.0,10.0,513.0,610.0,783.0,988.0,922.0,657.0,721.0,631.0,494.0,888.0,676.0,578.0,870.0,675.0,302.0,0.0,392.0
KRPPKCP0657,1128.0,1197.0,171.0,0.0,0.0,0.0,12.0,102.0,240.0,162.0,183.0,261.0,359.0,224.0,231.0,304.0,268.0,250.0,176.0,124.0,366.0,404.0,0.0,200.0
KRPPKCP0658,3092.0,384.0,0.0,0.0,0.0,0.0,591.0,508.0,1775.0,1700.0,2222.0,3190.0,500.0,2128.0,1364.0,1701.0,1628.0,1090.0,1558.0,2035.0,1281.0,2130.0,270.0,921.0
KRPPKCP0659,5414.0,1583.0,0.0,0.0,0.0,0.0,0.0,0.0,0.0,149.0,35.0,206.0,109.0,0.0,0.0,0.0,0.0,0.0,0.0,0.0,0.0,0.0,0.0,3651.0
KRPPKCP0660,5353.0,2401.0,0.0,0.0,83.0,2141.0,3551.0,1853.0,57.0,0.0,0.0,1698.0,59.0,0.0,142.0,639.0,26.0,53.0,25.0,0.0,0.0,0.0,0.0,3628.0
KRPPKCP0661,1982.0,2165.0,1144.0,561.0,165.0,0.0,133.0,580.0,500.0,437.0,549.0,251.0,1142.0,680.0,621.0,241.0,261.0,220.0,560.0,803.0,999.0,1044.0,872.0,1357.0
KRPPKCP0662,1904.0,2118.0,1175.0,369.0,0.0,1.0,574.0,550.0,726.0,421.0,705.0,316.0,925.0,567.0,608.0,482.0,428.0,534.0,1044.0,610.0,1181.0,1113.0,591.0,842.0
KRPPKCP0663,1850.0,905.0,0.0,0.0,0.0,0.0,187.0,224.0,328.0,3.0,109.0,122.0,464.0,204.0,356.0,2.0,73.0,7.0,25.0,209.0,99.0,470.0,111.0,626.0
KRPPKCP0664,1640.0,1754.0,796.0,139.0,0.0,0.0,484.0,842.0,663.0,516.0,368.0,107.0,1326.0,424.0,190.0,603.0,170.0,227.0,707.0,1271.0,1534.0,715.0,517.0,856.0
KRPPKCP0665,1469.0,1717.0,825.0,103.0,0.0,8.0,365.0,284.0,536.0,196.0,120.0,169.0,320.0,364.0,444.0,323.0,117.0,148.0,64.0,240.0,626.0,318.0,330.0,757.0
KRPPKCP0666,1740.0,2376.0,747.0,0.0,0.0,0.0,202.0,169.0,199.0,9.0,4.0,60.0,467.0,44.0,120.0,110.0,93.0,7.0,179.0,343.0,773.0,383.0,217.0,417.0
KRPPKCP0668,2233.0,1822.0,471.0,22.0,3.0,0.0,196.0,240.0,274.0,152.0,15.0,269.0,488.0,695.0,641.0,112.0,12.0,62.0,225.0,59.0,623.0,504.0,315.0,1397.0
KRPPKCP0669,10988.0,3066.0,408.0,0.0,0.0,55.0,14.0,11.0,0.0,22.0,0.0,125.0,47.0,85.0,75.0,80.0,13.0,0.0,0.0,75.0,278.0,242.0,5.0,980.0
KRPPKCP0670,1694.0,1783.0,1208.0,175.0,122.0,0.0,0.0,0.0,0.0,0.0,0.0,0.0,0.0,0.0,0.0,0.0,0.0,0.0,0.0,0.0,0.0,0.0,1446.0,1537.0
KRPPKCP0671,3787.0,1160.0,221.0,8.0,1.0,5.0,0.0,0.0,0.0,0.0,0.0,0.0,0.0,0.0,0.0,0.0,0.0,0.0,18.0,0.0,0.0,0.0,1362.0,1046.0
KRPPKCP0672,807.0,403.0,312.0,0.0,0.0,0.0,125.0,129.0,0.0,0.0,0.0,0.0,0.0,0.0,0.0,0.0,0.0,0.0,0.0,0.0,0.0,0.0,2976.0,3230.0
KRPPKCP0673,7936.0,7301.0,5838.0,1510.0,2.0,0.0,0.0,0.0,0.0,0.0,0.0,0.0,0.0,0.0,0.0,0.0,0.0,0.0,0.0,0.0,0.0,0.0,6.0,524.0
KRPPKCP0674,5420.0,4428.0,3183.0,841.0,418.0,119.0,0.0,0.0,0.0,0.0,0.0,0.0,0.0,0.0,0.0,0.0,0.0,3.0,4.0,20.0,14.0,0.0,710.0,1570.0
KRPPKCP0675,1662.0,1804.0,1232.0,413.0,194.0,136.0,0.0,0.0,0.0,0.0,0.0,0.0,0.0,0.0,0.0,0.0,0.0,22.0,3.0,0.0,0.0,0.0,269.0,206.0
KRPPKCP0676,102.0,691.0,839.0,1077.0,209.0,0.0,0.0,0.0,0.0,0.0,0.0,0.0,0.0,0.0,0.0,0.0,0.0,0.0,0.0,0.0,0.0,0.0,31.0,238.0
KRPPKCP0677,1434.0,1851.0,1637.0,2268.0,1049.0,95.0,0.0,0.0,11.0,0.0,0.0,0.0,0.0,0.0,0.0,0.0,0.0,0.0,14.0,0.0,0.0,0.0,235.0,503.0
KRPPKCP0678,2834.0,4282.0,3504.0,794.0,18.0,0.0,0.0,0.0,0.0,0.0,0.0,0.0,0.0,0.0,0.0,0.0,0.0,0.0,0.0,0.0,0.0,0.0,374.0,988.0
KRPPKCP0679,3129.0,438.0,95.0,102.0,0.0,0.0,0.0,0.0,0.0,0.0,0.0,0.0,0.0,0.0,0.0,0.0,0.0,0.0,0.0,49.0,0.0,18.0,744.0,1809.0
KRPPKCP0680,2032.0,975.0,774.0,182.0,89.0,0.0,0.0,0.0,0.0,0.0,0.0,0.0,0.0,0.0,0.0,0.0,0.0,4.0,45.0,0.0,0.0,1.0,1268.0,2321.0
KRPPKCP0681,1889.0,596.0,196.0,99.0,0.0,0.0,0.0,0.0,0.0,0.0,0.0,0.0,0.0,0.0,0.0,0.0,0.0,0.0,0.0,0.0,0.0,0.0,743.0,1138.0
KRPPKCP0682,611.0,794.0,487.0,78.0,0.0,0.0,0.0,0.0,0.0,0.0,0.0,0.0,0.0,0.0,0.0,0.0,6.0,56.0,0.0,0.0,0.0,0.0,322.0,207.0
KRPPKCP0694,853.0,89.0,0.0,0.0,0.0,6.0,147.0,519.0,816.0,301.0,864.0,904.0,486.0,452.0,494.0,564.0,429.0,681.0,429.0,557.0,514.0,519.0,151.0,633.0
KRPPKCP0695,337.0,1033.0,564.0,10.0,0.0,6.0,30.0,346.0,178.0,80.0,560.0,919.0,381.0,388.0,569.0,300.0,340.0,458.0,167.0,178.0,141.0,402.0,70.0,29.0
KRPPKCP0696,979.0,769.0,126.0,0.0,0.0,0.0,3.0,55.0,0.0,90.0,12.0,46.0,69.0,0.0,34.0,85.0,28.0,8.0,6.0,1.0,0.0,0.0,0.0,2.0
KRPPKCP0697,955.0,158.0,0.0,0.0,0.0,6.0,28.0,63.0,15.0,3.0,158.0,178.0,70.0,4.0,171.0,278.0,168.0,197.0,145.0,19.0,135.0,73.0,86.0,513.0
KRPPKCP0698,311.0,6.0,0.0,0.0,0.0,0.0,0.0,0.0,63.0,0.0,0.0,0.0,0.0,0.0,0.0,74.0,34.0,39.0,10.0,0.0,65.0,0.0,585.0,712.0
KRPPKCP0699,70.0,65.0,33.0,0.0,0.0,0.0,0.0,0.0,0.0,0.0,0.0,0.0,0.0,0.0,0.0,0.0,0.0,0.0,0.0,49.0,0.0,132.0,497.0,249.0
KRPPKCP0700,278.0,813.0,35.0,0.0,0.0,0.0,49.0,837.0,1209.0,978.0,1348.0,1551.0,1266.0,1100.0,1083.0,1065.0,1249.0,794.0,692.0,793.0,830.0,713.0,722.0,433.0
KRPPKCP0705,1260.0,2155.0,52.0,25.0,25.0,34.0,8.0,7.0,74.0,15.0,0.0,0.0,0.0,0.0,20.0,30.0,2.0,0.0,0.0,0.0,0.0,38.0,0.0,0.0
KRPPKCP0706,3976.0,1146.0,4.0,0.0,0.0,71.0,0.0,247.0,159.0,432.0,310.0,335.0,819.0,608.0,563.0,607.0,541.0,546.0,431.0,225.0,166.0,388.0,97.0,17.0
KRPPKCP0707,4744.0,246.0,0.0,0.0,34.0,36.0,84.0,565.0,696.0,1226.0,1401.0,1116.0,2091.0,1607.0,1309.0,1270.0,515.0,664.0,519.0,645.0,620.0,728.0,336.0,517.0
KRPPKCP0709,16.0,0.0,0.0,0.0,0.0,0.0,69.0,107.0,160.0,262.0,221.0,313.0,677.0,509.0,527.0,366.0,123.0,213.0,310.0,336.0,192.0,335.0,2031.0,1107.0
KRPPKCP0710,1331.0,3416.0,1412.0,162.0,20.0,4.0,121.0,345.0,143.0,0.0,0.0,44.0,53.0,126.0,0.0,0.0,0.0,0.0,0.0,0.0,0.0,89.0,171.0,1.0
KRPPKCP0711,1994.0,823.0,54.0,15.0,31.0,34.0,245.0,407.0,280.0,66.0,0.0,17.0,0.0,0.0,62.0,0.0,0.0,24.0,4.0,0.0,5.0,72.0,309.0,1738.0
KRPPKCP0712,1064.0,509.0,417.0,82.0,0.0,6.0,243.0,256.0,260.0,23.0,0.0,45.0,173.0,56.0,61.0,0.0,0.0,0.0,19.0,94.0,55.0,202.0,684.0,1745.0
KRPPKCP0713,115.0,91.0,0.0,0.0,0.0,0.0,46.0,74.0,91.0,40.0,0.0,25.0,5.0,33.0,73.0,0.0,0.0,0.0,0.0,0.0,55.0,39.0,1188.0,1094.0
KRPPKCP0718,2542.0,78.0,0.0,0.0,0.0,0.0,0.0,149.0,231.0,635.0,1198.0,1499.0,1289.0,550.0,537.0,395.0,399.0,590.0,447.0,427.0,614.0,380.0,1836.0,3505.0
KRPPKCP0719,6700.0,2395.0,110.0,0.0,0.0,143.0,0.0,473.0,385.0,1342.0,2163.0,2064.0,1293.0,1157.0,1955.0,1574.0,529.0,829.0,900.0,1313.0,1503.0,1640.0,1214.0,723.0
KRPPKCP0720,1851.0,470.0,22.0,0.0,0.0,146.0,88.0,188.0,53.0,650.0,1118.0,1326.0,814.0,153.0,197.0,767.0,144.0,614.0,86.0,182.0,412.0,674.0,2119.0,2584.0
KRPPKCP0721,3461.0,3078.0,493.0,9.0,0.0,12.0,0.0,212.0,345.0,622.0,1405.0,1893.0,1089.0,642.0,1150.0,818.0,603.0,969.0,573.0,696.0,1000.0,888.0,506.0,215.0
KRPPKCP0722,892.0,1137.0,1028.0,171.0,0.0,283.0,0.0,1.0,0.0,0.0,0.0,0.0,113.0,0.0,0.0,0.0,0.0,0.0,0.0,0.0,89.0,42.0,78.0,203.0
KRPPKCP0723,1743.0,320.0,23.0,23.0,23.0,90.0,141.0,23.0,0.0,0.0,0.0,0.0,0.0,0.0,0.0,0.0,0.0,0.0,0.0,0.0,102.0,146.0,1257.0,2257.0
KRPPKCP0724,1347.0,696.0,126.0,0.0,0.0,57.0,3.0,0.0,0.0,0.0,0.0,0.0,0.0,0.0,0.0,0.0,0.0,0.0,0.0,26.0,206.0,120.0,161.0,411.0
KRPPKCP0725,2583.0,74.0,0.0,0.0,27.0,61.0,1080.0,881.0,1047.0,908.0,1463.0,1557.0,976.0,1452.0,1435.0,1340.0,1037.0,1101.0,843.0,904.0,391.0,655.0,663.0,1476.0
KRPPKCP0726,4564.0,113.0,0.0,0.0,0.0,0.0,1146.0,1056.0,957.0,1126.0,1071.0,1649.0,1107.0,1189.0,1291.0,1326.0,1235.0,819.0,969.0,893.0,325.0,785.0,92.0,748.0
KRPPKCP0727,2369.0,471.0,26.0,0.0,0.0,105.0,368.0,535.0,324.0,375.0,496.0,656.0,194.0,387.0,356.0,408.0,390.0,223.0,215.0,119.0,34.0,180.0,295.0,1146.0
KRPPKCP0729,655.0,7.0,0.0,0.0,41.0,38.0,384.0,522.0,233.0,213.0,422.0,387.0,241.0,311.0,395.0,424.0,435.0,313.0,311.0,381.0,52.0,257.0,1746.0,917.0
KRPPKCP0730,4778.0,673.0,17.0,0.0,0.0,0.0,257.0,176.0,357.0,258.0,280.0,355.0,547.0,513.0,581.0,546.0,161.0,425.0,271.0,269.0,256.0,88.0,303.0,2187.0
KRPPKCP0731,714.0,263.0,79.0,0.0,0.0,0.0,80.0,124.0,194.0,35.0,95.0,282.0,272.0,238.0,869.0,369.0,123.0,257.0,193.0,141.0,17.0,49.0,1405.0,1604.0
KRPPKCP0732,1039.0,188.0,0.0,0.0,0.0,0.0,590.0,744.0,480.0,523.0,644.0,550.0,884.0,632.0,810.0,715.0,812.0,622.0,451.0,562.0,63.0,224.0,1484.0,2629.0
KRPPKCP0733,3696.0,65.0,6.0,6.0,3.0,5.0,74.0,235.0,272.0,300.0,509.0,277.0,277.0,289.0,159.0,298.0,246.0,177.0,148.0,56.0,160.0,64.0,81.0,1270.0
KRPPKCP0734,2885.0,801.0,1.0,0.0,0.0,28.0,67.0,0.0,15.0,86.0,0.0,32.0,144.0,23.0,42.0,0.0,2.0,0.0,0.0,0.0,0.0,0.0,5.0,1026.0
KRPPKCP0735,0.0,0.0,0.0,0.0,0.0,0.0,204.0,258.0,79.0,0.0,0.0,0.0,0.0,0.0,0.0,0.0,19.0,67.0,9.0,0.0,0.0,0.0,0.0,0.0
KRPPKCP0736,0.0,0.0,0.0,0.0,0.0,0.0,0.0,8.0,41.0,0.0,0.0,0.0,91.0,18.0,0.0,0.0,0.0,0.0,489.0,1668.0,128.0,0.0,0.0,127.0
KRPPKCP0737,0.0,0.0,0.0,0.0,0.0,0.0,0.0,0.0,0.0,0.0,0.0,0.0,0.0,0.0,0.0,0.0,0.0,0.0,1342.0,1137.0,40.0,0.0,0.0,0.0
KRPPKCP0738,2225.0,2794.0,3753.0,2492.0,475.0,75.0,174.0,30.0,1675.0,2142.0,2129.0,898.0,1327.0,718.0,1777.0,2521.0,2534.0,2121.0,1997.0,2009.0,1416.0,1130.0,1042.0,1121.0
KRPPKCP0739,3681.0,3685.0,4929.0,2652.0,336.0,26.0,10.0,21.0,978.0,1711.0,851.0,755.0,1616.0,879.0,1504.0,1734.0,2065.0,2444.0,2194.0,1777.0,1062.0,1074.0,795.0,679.0
KRPPKCP0740,1553.0,2280.0,2858.0,1560.0,346.0,6.0,75.0,49.0,692.0,1396.0,766.0,427.0,922.0,537.0,1577.0,1867.0,1814.0,1423.0,1526.0,1288.0,792.0,771.0,768.0,554.0
KRPPKCP0741,2499.0,3082.0,3286.0,1745.0,397.0,13.0,0.0,3.0,1192.0,1292.0,549.0,724.0,1314.0,1031.0,1603.0,2062.0,2159.0,1749.0,1549.0,610.0,832.0,816.0,737.0,1101.0
KRPPKCP0742,438.0,4689.0,2495.0,1094.0,1366.0,1342.0,802.0,3650.0,2524.0,2394.0,2187.0,2632.0,2268.0,1401.0,1394.0,1509.0,2167.0,2167.0,1836.0,1826.0,2092.0,2716.0,990.0,87.0
KRPPKCP0743,3482.0,7483.0,2629.0,341.0,47.0,352.0,1419.0,4713.0,3645.0,3662.0,3903.0,3780.0,3321.0,2107.0,2315.0,2162.0,3209.0,3405.0,3015.0,2485.0,2751.0,3141.0,1775.0,54.0
KRPPKCP0744,7683.0,5302.0,1048.0,12.0,299.0,1102.0,1903.0,3080.0,3519.0,3760.0,3361.0,3784.0,3048.0,2413.0,1979.0,2387.0,2896.0,3692.0,2834.0,2422.0,2387.0,2561.0,993.0,825.0
KRPPKCP0745,7890.0,3884.0,1073.0,97.0,229.0,1098.0,717.0,2985.0,2205.0,2578.0,2756.0,2496.0,2732.0,1286.0,1512.0,1615.0,1588.0,2397.0,1682.0,1539.0,2358.0,1607.0,659.0,1674.0
KRPPKCP0746,3113.0,805.0,236.0,0.0,91.0,233.0,354.0,805.0,745.0,746.0,902.0,1310.0,974.0,1250.0,853.0,511.0,563.0,533.0,858.0,674.0,612.0,707.0,1964.0,4269.0
KRPPKCP0747,2020.0,579.0,149.0,1.0,0.0,0.0,0.0,0.0,0.0,0.0,0.0,0.0,0.0,0.0,24.0,0.0,0.0,13.0,190.0,5.0,57.0,31.0,3397.0,3669.0
KRPPKCP0748,2843.0,913.0,66.0,0.0,0.0,8.0,6.0,56.0,53.0,0.0,0.0,0.0,16.0,0.0,0.0,0.0,9.0,103.0,54.0,54.0,22.0,212.0,3091.0,3549.0
KRPPKCP0750,0.0,0.0,0.0,0.0,0.0,0.0,0.0,0.0,0.0,0.0,0.0,1.0,0.0,0.0,0.0,0.0,0.0,0.0,0.0,0.0,0.0,0.0,0.0,0.0
KRPPKCP0751,0.0,0.0,0.0,0.0,0.0,0.0,0.0,0.0,0.0,0.0,0.0,0.0,0.0,0.0,0.0,0.0,0.0,0.0,0.0,0.0,0.0,0.0,0.0,0.0
KRPPKCP0752,0.0,0.0,0.0,0.0,0.0,0.0,0.0,0.0,0.0,0.0,0.0,0.0,0.0,0.0,0.0,0.0,0.0,0.0,0.0,0.0,0.0,0.0,0.0,0.0
KRPPKCP0753,0.0,0.0,0.0,0.0,0.0,0.0,0.0,0.0,0.0,0.0,0.0,0.0,0.0,0.0,0.0,0.0,0.0,0.0,0.0,0.0,0.0,0.0,0.0,0.0
KRPPKCP0754,0.0,0.0,0.0,0.0,0.0,0.0,0.0,0.0,0.0,0.0,0.0,0.0,0.0,0.0,0.0,0.0,0.0,0.0,0.0,0.0,0.0,0.0,0.0,0.0
KRPPKCP0755,0.0,0.0,0.0,0.0,0.0,0.0,0.0,0.0,0.0,0.0,0.0,0.0,0.0,0.0,0.0,0.0,0.0,0.0,0.0,0.0,0.0,0.0,0.0,0.0
KRPPKCP0756,1.0,1.0,0.0,0.0,0.0,0.0,0.0,0.0,0.0,0.0,0.0,0.0,0.0,0.0,0.0,0.0,0.0,0.0,0.0,0.0,0.0,0.0,0.0,0.0
KRPPKCP0757,0.0,0.0,0.0,0.0,0.0,0.0,0.0,0.0,0.0,0.0,0.0,0.0,0.0,0.0,0.0,0.0,0.0,0.0,0.0,0.0,0.0,0.0,0.0,0.0
KRPPKCP0758,0.0,0.0,0.0,0.0,0.0,0.0,0.0,0.0,0.0,0.0,0.0,0.0,0.0,0.0,0.0,1.0,0.0,0.0,0.0,0.0,0.0,0.0,0.0,0.0
KRPPKCP0759,2100.0,163.0,0.0,0.0,0.0,0.0,602.0,634.0,1520.0,698.0,1495.0,2062.0,1676.0,692.0,1128.0,1217.0,1168.0,138.0,291.0,596.0,1160.0,959.0,1119.0,2184.0
KRPPKCP0760,1820.0,529.0,203.0,0.0,0.0,0.0,794.0,931.0,1027.0,1103.0,1749.0,1829.0,1902.0,969.0,1432.0,894.0,1252.0,488.0,445.0,952.0,1402.0,1030.0,1966.0,2264.0
KRPPKCP0761,3248.0,715.0,94.0,0.0,0.0,0.0,56.0,219.0,587.0,478.0,863.0,810.0,488.0,471.0,912.0,992.0,416.0,361.0,433.0,729.0,607.0,580.0,337.0,652.0
KRPPKCP0762,2452.0,860.0,46.0,0.0,0.0,0.0,6.0,261.0,262.0,331.0,896.0,706.0,555.0,393.0,138.0,436.0,193.0,121.0,87.0,408.0,530.0,204.0,306.0,717.0
KRPPKCP0763,1872.0,164.0,0.0,0.0,0.0,0.0,178.0,386.0,354.0,435.0,1170.0,1120.0,845.0,469.0,902.0,1107.0,609.0,160.0,148.0,207.0,828.0,1110.0,1969.0,2209.0
KRPPKCP0764,436.0,12.0,0.0,0.0,0.0,0.0,395.0,248.0,884.0,278.0,865.0,833.0,1462.0,135.0,131.0,799.0,754.0,29.0,12.0,293.0,701.0,495.0,1050.0,1390.0
KRPPKCP0765,0.0,0.0,0.0,0.0,0.0,32.0,0.0,0.0,0.0,324.0,0.0,553.0,27.0,483.0,1.0,46.0,0.0,0.0,1078.0,1.0,429.0,365.0,312.0,0.0
KRPPKCP0766,3176.0,151.0,3.0,3.0,3.0,18.0,11.0,0.0,4.0,246.0,0.0,230.0,10.0,294.0,0.0,69.0,0.0,0.0,265.0,1.0,288.0,9.0,485.0,311.0
KRPPKCP0767,177.0,0.0,0.0,0.0,0.0,0.0,0.0,0.0,2.0,463.0,0.0,414.0,18.0,556.0,1.0,66.0,0.0,0.0,589.0,10.0,85.0,2.0,96.0,81.0
KRPPKCP0769,886.0,2393.0,388.0,0.0,0.0,40.0,869.0,938.0,325.0,531.0,512.0,1146.0,1125.0,1021.0,616.0,575.0,548.0,694.0,781.0,921.0,689.0,898.0,1096.0,1163.0
KRPPKCP0770,1497.0,1029.0,6.0,0.0,0.0,49.0,825.0,1685.0,1274.0,1295.0,1286.0,1337.0,1507.0,1998.0,1206.0,975.0,1017.0,915.0,1146.0,846.0,1284.0,906.0,1124.0,1033.0
KRPPKCP0771,1832.0,510.0,0.0,0.0,0.0,28.0,777.0,1431.0,753.0,816.0,824.0,1273.0,1158.0,1660.0,882.0,578.0,489.0,555.0,732.0,634.0,655.0,973.0,447.0,268.0
KRPPKCP0772,2898.0,44.0,0.0,0.0,0.0,5.0,533.0,536.0,769.0,506.0,446.0,764.0,1334.0,780.0,932.0,351.0,845.0,382.0,420.0,413.0,652.0,662.0,92.0,793.0
KRPPKCP0773,1690.0,18.0,0.0,0.0,0.0,26.0,699.0,1290.0,440.0,413.0,924.0,1157.0,1461.0,1520.0,988.0,565.0,504.0,485.0,607.0,301.0,794.0,1093.0,453.0,1656.0
KRPPKCP0774,0.0,0.0,0.0,0.0,0.0,0.0,0.0,0.0,0.0,0.0,0.0,0.0,0.0,0.0,0.0,0.0,0.0,0.0,0.0,0.0,0.0,0.0,0.0,24.0
KRPPKCP0776,0.0,0.0,0.0,0.0,0.0,0.0,0.0,0.0,0.0,0.0,5.0,7.0,0.0,0.0,29.0,3.0,0.0,0.0,0.0,35.0,0.0,0.0,0.0,0.0
KRPPKCP0777,2981.0,276.0,0.0,0.0,0.0,0.0,90.0,639.0,472.0,1211.0,945.0,866.0,1168.0,2898.0,408.0,1043.0,408.0,583.0,791.0,35.0,623.0,1983.0,448.0,1558.0
KRPPKCP0778,924.0,10.0,0.0,0.0,0.0,0.0,19.0,20.0,401.0,80.0,456.0,412.0,200.0,16.0,664.0,48.0,54.0,170.0,61.0,443.0,52.0,630.0,224.0,931.0
KRPPKCP0779,156.0,0.0,0.0,0.0,0.0,0.0,1.0,1.0,23.0,1.0,38.0,43.0,25.0,2.0,113.0,6.0,0.0,0.0,0.0,0.0,2.0,44.0,45.0,289.0
KRPPKCP0780,504.0,0.0,0.0,0.0,0.0,0.0,60.0,211.0,371.0,441.0,462.0,478.0,437.0,287.0,1205.0,100.0,110.0,78.0,151.0,677.0,228.0,503.0,449.0,1258.0
KRPPKCP0781,929.0,127.0,0.0,0.0,0.0,0.0,0.0,0.0,0.0,31.0,97.0,68.0,12.0,13.0,43.0,3.0,4.0,0.0,25.0,10.0,0.0,19.0,29.0,56.0
KRPPKCP0782,25.0,6.0,0.0,0.0,0.0,0.0,0.0,0.0,0.0,0.0,7.0,23.0,0.0,0.0,36.0,15.0,3.0,41.0,53.0,32.0,0.0,0.0,1.0,1.0
KRPPKCP0784,845.0,3.0,0.0,0.0,0.0,0.0,0.0,358.0,0.0,67.0,32.0,643.0,556.0,130.0,300.0,0.0,21.0,0.0,3.0,440.0,78.0,22.0,0.0,717.0
KRPPKCP0785,642.0,3.0,0.0,0.0,0.0,0.0,0.0,216.0,0.0,57.0,45.0,580.0,665.0,187.0,289.0,0.0,0.0,21.0,0.0,344.0,9.0,0.0,0.0,510.0
KRPPKCP0786,6380.0,5072.0,269.0,0.0,1.0,1335.0,1184.0,1812.0,1807.0,1770.0,1129.0,1369.0,937.0,1026.0,2111.0,342.0,1173.0,1220.0,1187.0,1219.0,1435.0,938.0,1152.0,409.0
KRPPKCP0787,1720.0,491.0,61.0,19.0,62.0,1006.0,927.0,2241.0,2377.0,1790.0,2041.0,1683.0,1396.0,1299.0,1969.0,1356.0,1462.0,1775.0,1751.0,1859.0,2029.0,1681.0,1362.0,1137.0
KRPPKCP0788,596.0,0.0,0.0,0.0,38.0,374.0,1089.0,578.0,916.0,353.0,807.0,547.0,654.0,305.0,1626.0,191.0,442.0,405.0,1108.0,1419.0,1033.0,775.0,513.0,1471.0
KRPPKCP0789,11117.0,6604.0,611.0,0.0,0.0,3.0,89.0,103.0,0.0,230.0,393.0,383.0,436.0,80.0,205.0,205.0,280.0,258.0,608.0,495.0,308.0,177.0,414.0,928.0
KRPPKCP0790,0.0,0.0,0.0,0.0,0.0,0.0,0.0,0.0,0.0,0.0,0.0,0.0,0.0,0.0,0.0,0.0,0.0,0.0,0.0,0.0,0.0,0.0,0.0,0.0
KRPPKCP0791,848.0,1.0,0.0,10.0,0.0,0.0,0.0,1776.0,1937.0,1650.0,2119.0,3540.0,1740.0,3220.0,1784.0,3293.0,3824.0,1657.0,3845.0,2327.0,3660.0,2084.0,4623.0,5842.0
KRPPKCP0792,0.0,0.0,0.0,0.0,0.0,0.0,0.0,0.0,0.0,130.0,118.0,70.0,22.0,61.0,73.0,46.0,70.0,56.0,27.0,4.0,0.0,0.0,0.0,0.0
KRPPKCP0793,94.0,0.0,0.0,0.0,0.0,0.0,0.0,0.0,0.0,0.0,0.0,0.0,0.0,0.0,0.0,0.0,0.0,0.0,0.0,0.0,0.0,0.0,93.0,114.0
KRPPKCP0794,1734.0,39.0,0.0,0.0,0.0,0.0,123.0,1722.0,1989.0,2578.0,1647.0,1650.0,1674.0,2506.0,1386.0,1292.0,2090.0,1872.0,1080.0,2064.0,2966.0,1395.0,1208.0,2153.0
KRPPKCP0795,2215.0,0.0,0.0,0.0,16.0,117.0,65.0,1724.0,1945.0,2656.0,1981.0,2107.0,2250.0,1977.0,1807.0,1547.0,2426.0,2055.0,1220.0,2362.0,3222.0,1741.0,1738.0,2208.0
KRPPKCP0796,129.0,9.0,0.0,0.0,0.0,0.0,0.0,0.0,9.0,205.0,0.0,0.0,0.0,0.0,7.0,0.0,56.0,38.0,0.0,1.0,15.0,122.0,287.0,173.0
KRPPKCP0797,2664.0,110.0,0.0,0.0,7.0,21.0,21.0,923.0,2040.0,2765.0,1699.0,1664.0,2333.0,2480.0,1780.0,1362.0,2364.0,2234.0,859.0,2101.0,2754.0,1398.0,1160.0,1470.0
KRPPKCP0798,422.0,0.0,0.0,0.0,0.0,0.0,0.0,0.0,0.0,77.0,0.0,0.0,67.0,0.0,0.0,0.0,46.0,59.0,1.0,0.0,149.0,55.0,1306.0,1652.0
KRPPKCP0799,3450.0,36.0,0.0,0.0,0.0,54.0,37.0,853.0,1435.0,2748.0,1826.0,1859.0,2256.0,2143.0,1956.0,1680.0,2171.0,2108.0,972.0,2096.0,3198.0,1156.0,999.0,1525.0
KRPPKCP0800,617.0,5.0,0.0,0.0,0.0,0.0,8.0,0.0,74.0,85.0,5.0,0.0,0.0,6.0,12.0,0.0,0.0,0.0,0.0,0.0,24.0,16.0,365.0,1988.0
KRPPKCP0801,0.0,0.0,0.0,0.0,0.0,0.0,0.0,0.0,44.0,19.0,109.0,53.0,0.0,0.0,28.0,21.0,33.0,30.0,35.0,3.0,0.0,0.0,0.0,0.0
KRPPKCP0802,60.0,0.0,0.0,0.0,0.0,0.0,0.0,0.0,0.0,0.0,0.0,0.0,0.0,0.0,0.0,0.0,0.0,0.0,0.0,0.0,0.0,0.0,0.0,1.0
KRPPKCP0803,212.0,2.0,0.0,0.0,0.0,51.0,88.0,33.0,3.0,103.0,29.0,48.0,0.0,67.0,0.0,0.0,0.0,0.0,0.0,0.0,0.0,17.0,11.0,1.0
KRPPKCP0804,2242.0,16.0,0.0,0.0,70.0,137.0,6.0,77.0,108.0,157.0,387.0,329.0,399.0,281.0,214.0,122.0,180.0,64.0,66.0,67.0,158.0,119.0,312.0,626.0
KRPPKCP0805,0.0,0.0,0.0,0.0,0.0,0.0,0.0,0.0,0.0,0.0,0.0,0.0,0.0,15.0,7.0,0.0,0.0,0.0,0.0,0.0,36.0,0.0,0.0,38.0
KRPPKCP0806,1982.0,399.0,14.0,0.0,6.0,197.0,392.0,658.0,465.0,529.0,434.0,739.0,608.0,377.0,498.0,575.0,484.0,409.0,326.0,624.0,452.0,611.0,446.0,576.0
KRPPKCP0807,634.0,42.0,0.0,0.0,24.0,21.0,0.0,0.0,0.0,0.0,0.0,0.0,116.0,108.0,0.0,0.0,17.0,4.0,0.0,0.0,0.0,0.0,0.0,77.0
KRPPKCP0808,1684.0,86.0,0.0,0.0,32.0,395.0,647.0,434.0,699.0,895.0,845.0,605.0,991.0,612.0,600.0,625.0,612.0,413.0,559.0,618.0,716.0,489.0,1075.0,2232.0
KRPPKCP0809,118.0,5.0,0.0,0.0,0.0,0.0,0.0,0.0,0.0,0.0,0.0,82.0,2.0,40.0,19.0,0.0,0.0,0.0,0.0,12.0,72.0,14.0,182.0,181.0
KRPPKCP0810,0.0,0.0,0.0,0.0,0.0,0.0,0.0,0.0,0.0,30.0,156.0,12.0,0.0,0.0,0.0,0.0,0.0,0.0,0.0,0.0,0.0,0.0,0.0,0.0
KRPPKCP0811,4906.0,527.0,8.0,0.0,0.0,71.0,255.0,584.0,1496.0,806.0,177.0,361.0,1622.0,1583.0,480.0,373.0,473.0,51.0,85.0,353.0,459.0,747.0,1986.0,5215.0
KRPPKCP0812,7211.0,1269.0,11.0,0.0,0.0,248.0,399.0,1526.0,1316.0,1518.0,928.0,956.0,1604.0,1749.0,1096.0,1002.0,662.0,660.0,492.0,859.0,1295.0,1168.0,576.0,2079.0
KRPPKCP0813,5101.0,2109.0,87.0,0.0,0.0,383.0,122.0,550.0,491.0,369.0,115.0,163.0,1350.0,1378.0,856.0,465.0,337.0,41.0,66.0,182.0,114.0,503.0,420.0,696.0
KRPPKCP0814,3589.0,5263.0,1678.0,117.0,36.0,137.0,290.0,511.0,638.0,585.0,322.0,144.0,975.0,1546.0,316.0,521.0,358.0,172.0,280.0,297.0,408.0,441.0,301.0,326.0
KRPPKCP0815,4897.0,653.0,163.0,0.0,0.0,176.0,571.0,616.0,349.0,240.0,327.0,330.0,1160.0,832.0,532.0,265.0,107.0,564.0,329.0,346.0,619.0,912.0,1231.0,4473.0
KRPPKCP0816,3989.0,1174.0,43.0,0.0,0.0,41.0,0.0,121.0,74.0,20.0,21.0,67.0,21.0,16.0,249.0,264.0,302.0,185.0,4.0,0.0,0.0,158.0,1290.0,2561.0
KRPPKCP0817,3994.0,1541.0,153.0,0.0,0.0,0.0,0.0,13.0,11.0,23.0,65.0,14.0,40.0,8.0,48.0,199.0,104.0,0.0,0.0,0.0,0.0,151.0,1464.0,2187.0
KRPPKCP0818,4763.0,1731.0,133.0,0.0,0.0,0.0,0.0,0.0,0.0,0.0,0.0,2.0,17.0,0.0,65.0,203.0,211.0,112.0,5.0,0.0,0.0,199.0,1340.0,2262.0
KRPPKCP0819,3587.0,2608.0,491.0,0.0,0.0,0.0,0.0,0.0,0.0,0.0,0.0,0.0,0.0,0.0,0.0,0.0,0.0,0.0,50.0,0.0,0.0,57.0,232.0,475.0
KRPPKCP0820,1110.0,353.0,45.0,0.0,0.0,0.0,8.0,118.0,38.0,82.0,79.0,108.0,0.0,64.0,0.0,6.0,62.0,71.0,36.0,0.0,0.0,529.0,2057.0,1543.0
KRPPKCP0821,3272.0,385.0,38.0,38.0,38.0,38.0,67.0,997.0,1319.0,815.0,1252.0,1266.0,1162.0,1754.0,793.0,1519.0,822.0,267.0,995.0,1243.0,944.0,758.0,537.0,914.0
KRPPKCP0822,1318.0,54.0,0.0,0.0,0.0,0.0,59.0,1116.0,1083.0,816.0,1070.0,1313.0,895.0,1376.0,939.0,1168.0,1124.0,478.0,569.0,972.0,960.0,432.0,688.0,1146.0
KRPPKCP0823,1134.0,58.0,0.0,0.0,0.0,0.0,56.0,669.0,1051.0,650.0,398.0,752.0,545.0,444.0,686.0,401.0,614.0,360.0,477.0,839.0,539.0,688.0,1120.0,1222.0
KRPPKCP0824,286.0,16.0,0.0,0.0,0.0,0.0,34.0,227.0,221.0,223.0,62.0,137.0,124.0,116.0,171.0,433.0,249.0,118.0,136.0,436.0,55.0,329.0,978.0,606.0
KRPPKCP0825,146.0,3.0,3.0,3.0,3.0,45.0,57.0,143.0,305.0,2.0,94.0,112.0,132.0,167.0,94.0,27.0,163.0,18.0,55.0,31.0,33.0,375.0,766.0,401.0
KRPPKCP0826,3942.0,39.0,0.0,0.0,0.0,0.0,0.0,0.0,0.0,0.0,0.0,0.0,44.0,20.0,0.0,0.0,0.0,0.0,0.0,0.0,0.0,0.0,0.0,1308.0
KRPPKCP0827,3035.0,138.0,0.0,0.0,0.0,35.0,0.0,0.0,0.0,0.0,0.0,0.0,0.0,0.0,0.0,0.0,0.0,0.0,0.0,0.0,31.0,79.0,0.0,1356.0
KRPPKCP0828,1028.0,0.0,0.0,0.0,9.0,3.0,0.0,0.0,0.0,0.0,0.0,0.0,0.0,0.0,0.0,0.0,0.0,0.0,0.0,0.0,0.0,0.0,5.0,1719.0
KRPPKCP0829,1813.0,0.0,0.0,0.0,0.0,0.0,0.0,0.0,0.0,0.0,0.0,0.0,0.0,14.0,81.0,11.0,0.0,0.0,0.0,0.0,0.0,0.0,746.0,3029.0
KRPPKCP0830,44.0,0.0,0.0,0.0,0.0,0.0,0.0,0.0,0.0,0.0,0.0,0.0,0.0,140.0,976.0,306.0,169.0,118.0,0.0,0.0,0.0,0.0,1808.0,911.0
KRPPKCP0831,0.0,0.0,0.0,0.0,0.0,0.0,0.0,198.0,322.0,137.0,200.0,426.0,307.0,265.0,149.0,227.0,106.0,201.0,339.0,376.0,321.0,3.0,2.0,2.0
KRPPKCP0832,0.0,0.0,0.0,0.0,0.0,0.0,0.0,0.0,126.0,150.0,103.0,355.0,255.0,290.0,162.0,574.0,408.0,66.0,132.0,54.0,0.0,0.0,0.0,0.0
KRPPKCP0834,769.0,263.0,0.0,0.0,0.0,59.0,5.0,0.0,0.0,0.0,0.0,0.0,0.0,0.0,0.0,0.0,0.0,0.0,0.0,0.0,634.0,2118.0,1192.0,992.0
KRPPKCP0835,0.0,0.0,0.0,0.0,0.0,0.0,0.0,30.0,2617.0,1526.0,1811.0,2185.0,1926.0,964.0,1519.0,2359.0,1439.0,1071.0,809.0,3040.0,1681.0,757.0,0.0,0.0
KRPPKCP0836,4339.0,41.0,0.0,0.0,0.0,0.0,0.0,102.0,163.0,73.0,209.0,535.0,1097.0,634.0,726.0,356.0,0.0,0.0,0.0,0.0,0.0,6.0,138.0,2687.0
KRPPKCP0837,1817.0,6.0,0.0,0.0,28.0,0.0,2.0,469.0,434.0,460.0,593.0,844.0,963.0,1451.0,1465.0,946.0,79.0,5.0,4.0,3.0,8.0,6.0,306.0,4569.0
KRPPKCP0838,910.0,105.0,11.0,0.0,14.0,0.0,99.0,628.0,520.0,1025.0,955.0,1436.0,1313.0,1369.0,1984.0,1041.0,72.0,158.0,149.0,18.0,33.0,24.0,1323.0,3659.0
KRPPKCP0839,471.0,6.0,0.0,0.0,0.0,0.0,0.0,322.0,548.0,689.0,639.0,691.0,933.0,996.0,795.0,835.0,193.0,66.0,78.0,0.0,0.0,193.0,2757.0,2877.0
KRPPKCP0840,4898.0,446.0,0.0,0.0,115.0,8.0,0.0,3.0,11.0,30.0,35.0,146.0,265.0,32.0,0.0,0.0,0.0,0.0,0.0,0.0,0.0,3.0,141.0,1091.0
KRPPKCP0841,4404.0,627.0,21.0,0.0,233.0,84.0,0.0,37.0,11.0,18.0,57.0,32.0,24.0,18.0,0.0,0.0,0.0,0.0,0.0,0.0,0.0,0.0,50.0,588.0
KRPPKCP0842,973.0,722.0,152.0,0.0,49.0,52.0,19.0,149.0,99.0,228.0,450.0,525.0,1134.0,1017.0,672.0,763.0,735.0,697.0,429.0,101.0,340.0,588.0,200.0,125.0
KRPPKCP0843,1033.0,581.0,428.0,82.0,0.0,11.0,30.0,394.0,709.0,877.0,915.0,419.0,716.0,893.0,907.0,765.0,572.0,723.0,740.0,1023.0,771.0,497.0,284.0,929.0
KRPPKCP0844,910.0,383.0,121.0,0.0,0.0,15.0,28.0,922.0,876.0,742.0,503.0,732.0,1428.0,1021.0,1341.0,1383.0,644.0,673.0,659.0,409.0,653.0,397.0,559.0,482.0
KRPPKCP0845,597.0,727.0,180.0,88.0,0.0,39.0,41.0,44.0,598.0,581.0,563.0,532.0,788.0,901.0,602.0,491.0,597.0,719.0,545.0,557.0,387.0,700.0,891.0,1116.0
KRPPKCP0847,0.0,0.0,0.0,0.0,0.0,0.0,0.0,0.0,0.0,0.0,0.0,0.0,0.0,0.0,0.0,0.0,0.0,0.0,0.0,0.0,0.0,0.0,0.0,0.0
KRPPKCP0848,0.0,0.0,0.0,0.0,0.0,0.0,0.0,0.0,0.0,0.0,0.0,0.0,0.0,0.0,0.0,0.0,1.0,1.0,0.0,0.0,0.0,0.0,0.0,0.0
KRPPKCP0849,0.0,0.0,0.0,0.0,0.0,0.0,0.0,0.0,0.0,0.0,0.0,0.0,0.0,0.0,0.0,0.0,0.0,0.0,0.0,1.0,0.0,0.0,0.0,0.0
KRPPKCP0850,25.0,0.0,0.0,0.0,0.0,0.0,226.0,607.0,298.0,421.0,347.0,853.0,226.0,656.0,153.0,128.0,456.0,263.0,704.0,648.0,238.0,163.0,182.0,308.0
KRPPKCP0851,0.0,0.0,0.0,0.0,0.0,102.0,120.0,2108.0,2027.0,2433.0,2959.0,2450.0,2223.0,1844.0,1414.0,1378.0,1897.0,1540.0,801.0,1770.0,2699.0,724.0,0.0,0.0
KRPPKCP0852,1609.0,511.0,294.0,264.0,7.0,0.0,0.0,0.0,0.0,0.0,62.0,0.0,7.0,165.0,38.0,0.0,0.0,0.0,0.0,0.0,0.0,0.0,386.0,1228.0
KRPPKCP0853,0.0,0.0,0.0,0.0,0.0,0.0,0.0,0.0,0.0,0.0,0.0,0.0,0.0,0.0,0.0,6.0,32.0,10.0,0.0,0.0,0.0,0.0,0.0,0.0
KRPPKCP0854,1071.0,1710.0,1194.0,847.0,222.0,18.0,0.0,0.0,0.0,0.0,0.0,0.0,0.0,0.0,0.0,0.0,0.0,0.0,0.0,0.0,38.0,175.0,2140.0,1076.0
KRPPKCP0855,6714.0,2029.0,3901.0,4609.0,3611.0,1262.0,540.0,563.0,705.0,738.0,1125.0,940.0,420.0,501.0,689.0,713.0,417.0,646.0,475.0,791.0,508.0,179.0,195.0,2007.0
KRPPKCP0856,7156.0,2126.0,4325.0,4038.0,1874.0,720.0,676.0,467.0,820.0,1025.0,871.0,776.0,792.0,415.0,468.0,482.0,838.0,579.0,740.0,571.0,522.0,475.0,145.0,1512.0
KRPPKCP0857,1302.0,3763.0,3724.0,3237.0,2280.0,1062.0,969.0,764.0,503.0,1054.0,1343.0,1186.0,533.0,402.0,339.0,524.0,1003.0,839.0,766.0,754.0,629.0,487.0,323.0,181.0
KRPPKCP0858,839.0,4400.0,2438.0,2676.0,3400.0,1509.0,649.0,701.0,564.0,796.0,1019.0,861.0,385.0,301.0,509.0,539.0,847.0,585.0,389.0,339.0,312.0,631.0,437.0,103.0
KRPPKCP0859,2773.0,219.0,0.0,0.0,0.0,0.0,0.0,567.0,135.0,202.0,391.0,151.0,221.0,123.0,44.0,67.0,24.0,189.0,75.0,7.0,16.0,154.0,58.0,915.0
KRPPKCP0862,0.0,0.0,0.0,0.0,0.0,0.0,0.0,0.0,0.0,0.0,0.0,0.0,0.0,1.0,0.0,0.0,0.0,0.0,0.0,0.0,0.0,0.0,0.0,0.0
KRPPKCP0863,27.0,0.0,0.0,0.0,0.0,0.0,0.0,26.0,0.0,0.0,0.0,0.0,0.0,0.0,0.0,0.0,50.0,0.0,0.0,0.0,74.0,457.0,5277.0,1867.0
KRPPKCP0865,0.0,0.0,0.0,0.0,0.0,0.0,0.0,0.0,0.0,0.0,0.0,0.0,0.0,0.0,0.0,0.0,0.0,0.0,0.0,0.0,0.0,0.0,0.0,0.0
KRPPKCP0868,0.0,0.0,0.0,0.0,0.0,38.0,51.0,10.0,0.0,0.0,0.0,0.0,0.0,0.0,0.0,40.0,0.0,2.0,31.0,0.0,0.0,53.0,200.0,100.0
KRPPKCP0869,0.0,0.0,0.0,0.0,0.0,0.0,43.0,390.0,54.0,89.0,69.0,248.0,197.0,0.0,55.0,263.0,327.0,188.0,345.0,213.0,221.0,932.0,4902.0,599.0
KRPPKCP0871,0.0,0.0,0.0,0.0,0.0,0.0,0.0,0.0,0.0,0.0,0.0,0.0,0.0,0.0,0.0,0.0,0.0,0.0,0.0,0.0,0.0,0.0,1.0,0.0
KRPPKCP0873,922.0,1712.0,702.0,49.0,77.0,0.0,156.0,0.0,0.0,111.0,103.0,135.0,388.0,211.0,107.0,95.0,0.0,91.0,20.0,0.0,11.0,421.0,764.0,452.0
KRPPKCP0875,40.0,0.0,0.0,0.0,51.0,462.0,1720.0,1877.0,1256.0,1324.0,1285.0,1666.0,1528.0,1110.0,1019.0,734.0,1514.0,1073.0,1164.0,943.0,1298.0,1182.0,329.0,326.0
KRPPKCP0876,0.0,0.0,0.0,0.0,0.0,0.0,8.0,742.0,457.0,603.0,964.0,1005.0,898.0,942.0,412.0,203.0,389.0,328.0,302.0,48.0,2012.0,746.0,1313.0,35.0
KRPPKCP0877,0.0,0.0,0.0,0.0,0.0,0.0,0.0,0.0,0.0,0.0,0.0,0.0,0.0,0.0,0.0,0.0,0.0,0.0,0.0,0.0,0.0,0.0,0.0,0.0
KRPPKCP0881,235.0,0.0,0.0,0.0,0.0,482.0,1637.0,2062.0,1345.0,1499.0,1220.0,1395.0,1498.0,1417.0,1022.0,1242.0,1634.0,1534.0,1211.0,1353.0,1341.0,1157.0,205.0,290.0
KRPPKCP0882,0.0,0.0,0.0,0.0,0.0,0.0,0.0,0.0,0.0,0.0,0.0,0.0,0.0,0.0,0.0,0.0,0.0,0.0,0.0,0.0,0.0,0.0,0.0,0.0
KRPPKCP0883,0.0,0.0,0.0,0.0,0.0,0.0,0.0,0.0,0.0,0.0,0.0,0.0,0.0,0.0,0.0,0.0,0.0,0.0,0.0,0.0,0.0,0.0,0.0,0.0
KRPPKCP0884,1913.0,938.0,255.0,33.0,0.0,0.0,0.0,33.0,89.0,131.0,26.0,213.0,211.0,0.0,8.0,150.0,14.0,0.0,89.0,45.0,39.0,189.0,1491.0,1882.0
KRPPKCP0885,0.0,0.0,0.0,0.0,0.0,0.0,0.0,0.0,0.0,0.0,56.0,295.0,258.0,54.0,0.0,0.0,351.0,17.0,307.0,19.0,0.0,0.0,0.0,0.0
KRPPKCP0886,1.0,1.0,0.0,0.0,0.0,0.0,0.0,0.0,0.0,0.0,0.0,0.0,0.0,0.0,0.0,0.0,0.0,0.0,0.0,0.0,0.0,0.0,0.0,0.0
KRPPKCP0887,299.0,672.0,251.0,5.0,0.0,0.0,0.0,6.0,89.0,8.0,9.0,0.0,24.0,202.0,140.0,61.0,203.0,66.0,26.0,0.0,16.0,853.0,2670.0,1503.0
KRPPKCP0888,437.0,0.0,0.0,0.0,41.0,323.0,1901.0,1767.0,1267.0,1551.0,927.0,576.0,704.0,803.0,930.0,765.0,729.0,995.0,769.0,616.0,1368.0,1015.0,233.0,117.0
KRPPKCP0889,0.0,0.0,0.0,0.0,0.0,0.0,0.0,0.0,0.0,0.0,0.0,0.0,0.0,0.0,0.0,0.0,0.0,0.0,0.0,0.0,0.0,0.0,0.0,0.0
KRPPKCP0890,580.0,0.0,0.0,0.0,0.0,137.0,1849.0,2013.0,1265.0,1071.0,1046.0,975.0,1030.0,868.0,955.0,767.0,1068.0,1188.0,1050.0,1079.0,1107.0,981.0,146.0,16.0
KRPPKCP0891,0.0,0.0,0.0,0.0,0.0,0.0,0.0,0.0,0.0,0.0,27.0,74.0,100.0,45.0,0.0,0.0,230.0,16.0,49.0,15.0,0.0,0.0,0.0,0.0
KRPPKCP0892,106.0,10.0,0.0,0.0,0.0,41.0,95.0,187.0,0.0,18.0,0.0,83.0,97.0,35.0,4.0,96.0,83.0,127.0,99.0,170.0,79.0,76.0,0.0,0.0
KRPPKCP0893,0.0,2.0,6.0,0.0,0.0,0.0,0.0,0.0,0.0,0.0,0.0,0.0,0.0,0.0,0.0,0.0,0.0,0.0,0.0,0.0,0.0,0.0,0.0,0.0
KRPPKCP0894,65.0,96.0,107.0,0.0,0.0,0.0,0.0,0.0,0.0,0.0,0.0,0.0,0.0,1.0,7.0,0.0,0.0,0.0,0.0,0.0,0.0,0.0,0.0,0.0
KRPPKCP0895,112.0,317.0,533.0,32.0,89.0,0.0,0.0,0.0,0.0,0.0,0.0,0.0,0.0,0.0,0.0,0.0,0.0,0.0,0.0,0.0,0.0,0.0,8.0,71.0
KRPPKCP0897,59.0,133.0,119.0,161.0,60.0,0.0,0.0,0.0,0.0,0.0,0.0,0.0,0.0,62.0,0.0,0.0,0.0,0.0,0.0,0.0,0.0,0.0,33.0,85.0
KRPPKCP0898,174.0,455.0,393.0,4.0,0.0,0.0,12.0,0.0,73.0,0.0,0.0,0.0,0.0,0.0,0.0,0.0,37.0,0.0,40.0,0.0,0.0,58.0,71.0,0.0
KRPPKCP0902,3267.0,2090.0,546.0,0.0,0.0,0.0,26.0,58.0,0.0,0.0,0.0,0.0,0.0,0.0,0.0,0.0,0.0,7.0,103.0,67.0,3528.0,6411.0,4425.0,1241.0
KRPPKCP0903,1709.0,1228.0,700.0,194.0,0.0,0.0,0.0,0.0,0.0,68.0,370.0,435.0,88.0,409.0,1372.0,1041.0,299.0,32.0,222.0,280.0,835.0,3920.0,4688.0,3394.0
KRPPKCP0904,1684.0,650.0,516.0,148.0,1.0,0.0,0.0,0.0,0.0,3.0,301.0,502.0,831.0,628.0,518.0,484.0,197.0,51.0,26.0,54.0,25.0,279.0,421.0,873.0
KRPPKCP0905,2021.0,2026.0,1125.0,425.0,0.0,0.0,0.0,0.0,33.0,1021.0,1911.0,1179.0,1273.0,1118.0,2012.0,939.0,663.0,505.0,411.0,466.0,143.0,5065.0,5675.0,3508.0
KRPPKCP0906,4622.0,3250.0,1205.0,495.0,82.0,0.0,0.0,0.0,0.0,468.0,1040.0,1326.0,1921.0,1469.0,2574.0,2081.0,1962.0,1014.0,872.0,1465.0,1279.0,733.0,2922.0,2980.0
KRPPKCP0907,4248.0,811.0,260.0,0.0,0.0,0.0,0.0,0.0,0.0,143.0,1768.0,763.0,1505.0,1262.0,1021.0,951.0,971.0,725.0,1043.0,2170.0,432.0,1540.0,5195.0,5231.0
KRPPKCP0908,4953.0,3913.0,2511.0,1419.0,633.0,114.0,0.0,0.0,0.0,235.0,1229.0,1603.0,1320.0,1196.0,2496.0,2748.0,978.0,681.0,785.0,2510.0,743.0,274.0,421.0,1144.0
KRPPKCP0909,1745.0,373.0,160.0,151.0,44.0,0.0,0.0,0.0,6.0,139.0,1095.0,641.0,799.0,480.0,895.0,730.0,270.0,521.0,746.0,1250.0,558.0,82.0,1916.0,1944.0
KRPPKCP0910,1892.0,830.0,633.0,364.0,89.0,6.0,0.0,0.0,2.0,85.0,583.0,383.0,855.0,823.0,653.0,749.0,736.0,211.0,980.0,997.0,270.0,16.0,1207.0,1611.0
KRPPKCP0911,1504.0,1612.0,628.0,361.0,400.0,36.0,36.0,62.0,0.0,0.0,0.0,0.0,0.0,0.0,10.0,100.0,0.0,5.0,14.0,0.0,0.0,0.0,662.0,1257.0
KRPPKCP0912,1634.0,1675.0,1735.0,725.0,297.0,87.0,0.0,70.0,31.0,0.0,0.0,0.0,0.0,0.0,0.0,0.0,0.0,0.0,0.0,0.0,0.0,0.0,89.0,382.0
KRPPKCP0913,1108.0,2621.0,959.0,119.0,79.0,95.0,46.0,133.0,160.0,866.0,1078.0,700.0,1142.0,933.0,1235.0,1246.0,1093.0,815.0,716.0,172.0,231.0,214.0,29.0,65.0
KRPPKCP0914,1301.0,794.0,181.0,0.0,40.0,129.0,26.0,20.0,294.0,836.0,1464.0,1254.0,1241.0,1232.0,953.0,1153.0,715.0,1109.0,811.0,467.0,28.0,1587.0,1891.0,164.0
KRPPKCP0915,242.0,192.0,22.0,0.0,0.0,0.0,0.0,194.0,258.0,974.0,1169.0,1336.0,1220.0,824.0,804.0,728.0,596.0,1242.0,543.0,114.0,256.0,1072.0,3863.0,1775.0
KRPPKCP0916,4187.0,1304.0,75.0,0.0,0.0,0.0,0.0,231.0,222.0,492.0,945.0,851.0,1216.0,798.0,1260.0,784.0,748.0,617.0,1119.0,425.0,188.0,259.0,498.0,1093.0
KRPPKCP0917,1484.0,217.0,0.0,0.0,34.0,0.0,0.0,1153.0,984.0,1782.0,2410.0,1995.0,1721.0,989.0,949.0,1724.0,2234.0,891.0,816.0,664.0,789.0,741.0,2121.0,2476.0
KRPPKCP0918,0.0,0.0,0.0,0.0,0.0,0.0,0.0,0.0,0.0,0.0,0.0,35.0,407.0,1657.0,27.0,15.0,50.0,359.0,295.0,619.0,1623.0,249.0,0.0,0.0
KRPPKCP0919,2018.0,1049.0,56.0,0.0,34.0,0.0,0.0,379.0,62.0,452.0,487.0,553.0,279.0,99.0,1023.0,1131.0,926.0,425.0,231.0,64.0,79.0,207.0,347.0,991.0
KRPPKCP0920,0.0,0.0,0.0,0.0,0.0,0.0,0.0,0.0,0.0,13.0,5.0,22.0,115.0,87.0,33.0,66.0,132.0,99.0,10.0,6.0,13.0,0.0,0.0,0.0
KRPPKCP0921,2052.0,2345.0,1785.0,717.0,63.0,0.0,0.0,0.0,0.0,0.0,0.0,0.0,0.0,0.0,0.0,0.0,0.0,0.0,0.0,86.0,92.0,0.0,2.0,512.0
KRPPKCP0923,0.0,0.0,0.0,0.0,21.0,48.0,23.0,5031.0,4139.0,4289.0,5928.0,4784.0,5277.0,3461.0,4671.0,4918.0,4565.0,3004.0,2917.0,3344.0,4287.0,1993.0,0.0,0.0
KRPPKCP0924,0.0,0.0,0.0,0.0,1.0,153.0,16.0,3563.0,3923.0,3388.0,5532.0,4449.0,3505.0,2887.0,3237.0,3132.0,3258.0,2858.0,1739.0,2841.0,4204.0,1542.0,0.0,0.0
KRPPKCP0954,2092.0,1539.0,19.0,0.0,13.0,26.0,1055.0,1091.0,1110.0,1165.0,1122.0,1154.0,1368.0,1118.0,1206.0,901.0,920.0,738.0,682.0,400.0,252.0,102.0,69.0,88.0
KRPPKCP0955,0.0,0.0,0.0,0.0,0.0,0.0,0.0,0.0,0.0,0.0,1.0,0.0,0.0,0.0,0.0,0.0,0.0,0.0,0.0,0.0,0.0,0.0,0.0,0.0
KRPPKCP0956,901.0,1543.0,128.0,0.0,0.0,33.0,823.0,956.0,1071.0,806.0,943.0,1055.0,1241.0,1146.0,1080.0,942.0,711.0,837.0,895.0,481.0,376.0,87.0,19.0,393.0
KRPPKCP0957,0.0,0.0,0.0,0.0,0.0,0.0,0.0,0.0,0.0,0.0,0.0,0.0,0.0,0.0,0.0,0.0,0.0,0.0,0.0,0.0,0.0,0.0,0.0,0.0
KRPPKCP0958,722.0,53.0,0.0,9.0,0.0,0.0,0.0,324.0,254.0,234.0,425.0,372.0,175.0,135.0,3.0,47.0,294.0,3.0,2.0,3.0,5.0,421.0,1326.0,3756.0
KRPPKCP0961,2723.0,189.0,0.0,0.0,5.0,2.0,0.0,19.0,34.0,24.0,163.0,188.0,225.0,274.0,133.0,48.0,117.0,0.0,0.0,0.0,75.0,4.0,0.0,1907.0
